[Licensing::Module] Trying to connect to existing licensing client channel...
Built from '6000.3/staging' branch; Version is '6000.3.15f1 (c1aa84e375f6) revision 12692100'; Using compiler version '194234433'; Build Type 'Release'
[Licensing::IpcConnector] Successfully connected to: "LicenseClient-Administrator" at "2026-05-18T11:06:47.6073817Z"
OS: 'Windows 10  (10.0.19045) 64bit Professional' Language: 'ko' Physical Memory: 16094 MB
BatchMode: 1, IsHumanControllingUs: 0, StartBugReporterOnCrash: 0, Is64bit: 1
System  architecture: x64
Process architecture: x64
Date: 2026-05-18T11:06:47Z

COMMAND LINE ARGUMENTS:
C:\Program Files\Unity\Hub\Editor\6000.3.15f1\Editor\Unity.exe
-adb2
-batchMode
-noUpm
-name
AssetImportWorker4
-projectPath
C:/Users/Administrator/Desktop/Unity/Program
-logFile
Logs/AssetImportWorker4.log
-srvPort
49870
-licensingIpc
LicenseClient-Administrator
-job-worker-count
13
-background-job-worker-count
8
-gc-helper-count
1
-name
AssetImport
Successfully changed project path to: C:/Users/Administrator/Desktop/Unity/Program
C:/Users/Administrator/Desktop/Unity/Program
[UnityMemory] Configuration Parameters - Can be set up in boot.config
    "memorysetup-temp-allocator-size-nav-mesh-worker=65536"
    "memorysetup-temp-allocator-size-audio-worker=65536"
    "memorysetup-temp-allocator-size-gfx=262144"
    "memorysetup-allocator-temp-initial-block-size-main=262144"
    "memorysetup-allocator-temp-initial-block-size-worker=262144"
    "memorysetup-temp-allocator-size-background-worker=32768"
    "memorysetup-temp-allocator-size-job-worker=262144"
    "memorysetup-temp-allocator-size-preload-manager=33554432"
    "memorysetup-temp-allocator-size-gi-baking-worker=262144"
    "memorysetup-temp-allocator-size-gi-baking-worker=262144"
    "memorysetup-temp-allocator-size-gi-baking-worker=262144"
    "memorysetup-temp-allocator-size-gi-baking-worker=262144"
    "memorysetup-temp-allocator-size-gi-baking-worker=262144"
    "memorysetup-bucket-allocator-granularity=16"
    "memorysetup-bucket-allocator-bucket-count=8"
    "memorysetup-bucket-allocator-block-size=33554432"
    "memorysetup-bucket-allocator-block-count=8"
    "memorysetup-main-allocator-block-size=16777216"
    "memorysetup-thread-allocator-block-size=16777216"
    "memorysetup-gfx-main-allocator-block-size=16777216"
    "memorysetup-gfx-thread-allocator-block-size=16777216"
    "memorysetup-cache-allocator-block-size=4194304"
    "memorysetup-typetree-allocator-block-size=2097152"
    "memorysetup-profiler-bucket-allocator-granularity=16"
    "memorysetup-profiler-bucket-allocator-bucket-count=8"
    "memorysetup-profiler-bucket-allocator-block-size=33554432"
    "memorysetup-profiler-bucket-allocator-block-count=8"
    "memorysetup-profiler-allocator-block-size=16777216"
    "memorysetup-profiler-editor-allocator-block-size=1048576"
    "memorysetup-temp-allocator-size-main=16777216"
    "memorysetup-job-temp-allocator-block-size=2097152"
    "memorysetup-job-temp-allocator-block-size-background=1048576"
    "memorysetup-job-temp-allocator-reduction-small-platforms=262144"
    "memorysetup-temp-allocator-size-cloud-worker=32768"
Player connection [4184]  Target information:

Player connection [4184]  * "[IP] 192.168.0.38 [Port] 0 [Flags] 2 [Guid] 1976717838 [EditorId] 1976717838 [Version] 1048832 [Id] WindowsEditor(7,DESKTOP-T679CQG) [Debug] 1 [PackageName] WindowsEditor [ProjectName] Editor" 

Player connection [4184] Host joined multi-casting on [225.0.0.222:54997]...
Player connection [4184] Host joined alternative multi-casting on [225.0.0.222:34997]...
JobSystem: Creating JobQueue using job-worker-count value 13
Input System module state changed to: Initialized.
[Physics::Module] Initialized fallback backend.
[Physics::Module] Id: 0xdecafbad
Library Redirect Path: Library/
[Physics::Module] Selected backend.
[Physics::Module] Name: PhysX
[Physics::Module] Id: 0xf2b8ea05
[Physics::Module] SDK Version: 4.1.2
[Physics::Module] Integration Version: 1.0.0
[Physics::Module] Threading Mode: Multi-Threaded
Refreshing native plugins compatible for Editor in 3.00 ms, found 4 plugins.
Preloading 0 native plugins for Editor in 0.00 ms.
Initialize engine version: 6000.3.15f1 (c1aa84e375f6)
[Subsystems] Discovering subsystems at path C:/Program Files/Unity/Hub/Editor/6000.3.15f1/Editor/Data/Resources/UnitySubsystems
[Subsystems] Discovering subsystems at path C:/Users/Administrator/Desktop/Unity/Program/Assets
GfxDevice: creating device client; kGfxThreadingModeNonThreaded
Direct3D:
    Version:  Direct3D 11.0 [level 11.1]
    Renderer: NVIDIA GeForce RTX 5060 Ti (ID=0x2d04)
    Vendor:   NVIDIA
    VRAM:     15962 MB
    Driver:   32.0.15.7688
Initialize mono
Mono path[0] = 'C:/Program Files/Unity/Hub/Editor/6000.3.15f1/Editor/Data/Managed'
Mono path[1] = 'C:/Program Files/Unity/Hub/Editor/6000.3.15f1/Editor/Data/MonoBleedingEdge/lib/mono/unityjit-win32'
Mono config path = 'C:/Program Files/Unity/Hub/Editor/6000.3.15f1/Editor/Data/MonoBleedingEdge/etc'
Using monoOptions --debugger-agent=transport=dt_socket,embedding=1,server=y,suspend=n,address=127.0.0.1:56116
Begin MonoManager ReloadAssembly
Registering precompiled unity dll's ...
Register platform support module: C:/Program Files/Unity/Hub/Editor/6000.3.15f1/Editor/Data/PlaybackEngines/WindowsStandaloneSupport/UnityEditor.WindowsStandalone.Extensions.dll
Registered in 0.001655 seconds.
- Loaded All Assemblies, in  0.379 seconds
[Licensing::Client] Error: HandshakeResponse reported an error:
	ResponseCode: 505
	ResponseStatus: Unsupported protocol version '1.18.1'.
[Licensing::Module] Error: Failed to handshake to channel: "LicenseClient-Administrator"
[Licensing::IpcConnector] LicenseClient-Administrator channel disconnected successfully.
[Licensing::IpcConnector] Successfully connected to: "LicenseClient-Administrator-6000.3.15" at "2026-05-18T11:06:48.3823119Z"
[Licensing::Client] Code 10 while verifying Licensing Client signature (process Id: 7220, path: "C:/Program Files/Unity/Hub/Editor/6000.3.15f1/Editor/Data/Resources/Licensing/Client/Unity.Licensing.Client.exe")
[Licensing::Module] LicensingClient has failed validation; ignoring
[Licensing::Client] Handshaking with LicensingClient:
  Version:                 1.18.1+9fbee8e
  Session Id:              2939770b4b1045819f8d244de7057fdd
  Correlation Id:          8380e9daa79912f40fa5c63273decad5
  External correlation Id: 1079365609911911420
  Machine Id:              zh+5FITcPUnW+MXsE1JbpT1t6Jw=
[Licensing::Module] Successfully connected to LicensingClient on channel: "LicenseClient-Administrator-6000.3.15" (connect: 0.00s, validation: 0.00s, handshake: 0.00s)
[Licensing::IpcConnector] Successfully connected to: "LicenseClient-Administrator-6000.3.15-notifications" at "2026-05-18T11:06:48.3871529Z"
[Licensing::Module] Licensing Background thread has ended after 0.78s
Native extension for WindowsStandalone target not found
Package Manager log level set to [2]
[Package Manager] Failed to launch server process. Reason: Unity was launched with the -noUpm command-line argument
[Package Manager] Unable to send message (not connected to server process).
[Package Manager] Cannot connect to Unity Package Manager local server
ScheduleIndexationOnStartup MainProcess:False IndexOnStartup:True
Mono: successfully reloaded assembly
- Finished resetting the current domain, in  0.379 seconds
Domain Reload Profiling: 757ms
	BeginReloadAssembly (126ms)
		ExecutionOrderSort (0ms)
		DisableScriptedObjects (0ms)
		BackupInstance (0ms)
		ReleaseScriptingObjects (0ms)
		CreateAndSetChildDomain (1ms)
	RebuildCommonClasses (34ms)
	RebuildNativeTypeToScriptingClass (14ms)
	initialDomainReloadingComplete (45ms)
	LoadAllAssembliesAndSetupDomain (158ms)
		LoadAssemblies (124ms)
		RebuildTransferFunctionScriptingTraits (0ms)
		AnalyzeDomain (155ms)
			TypeCache.Refresh (153ms)
				TypeCache.ScanAssembly (140ms)
			BuildScriptInfoCaches (0ms)
			ResolveRequiredComponents (0ms)
	FinalizeReload (380ms)
		ReleaseScriptCaches (0ms)
		RebuildScriptCaches (0ms)
		SetupLoadedEditorAssemblies (333ms)
			LogAssemblyErrors (0ms)
			InitializePlatformSupportModulesInManaged (44ms)
			SetLoadedEditorAssemblies (3ms)
			BeforeProcessingInitializeOnLoad (83ms)
			ProcessInitializeOnLoadAttributes (134ms)
			ProcessInitializeOnLoadMethodAttributes (70ms)
			AfterProcessingInitializeOnLoad (0ms)
			EditorAssembliesLoaded (0ms)
		ExecutionOrderSort2 (0ms)
		AwakeInstancesAfterBackupRestoration (0ms)
========================================================================
Worker process is ready to serve import requests
Import Worker Mode flag is 0x00
Begin MonoManager ReloadAssembly
[Licensing::Client] Successfully resolved entitlement details
[Licensing::Module] License group:
  Id: 14568635345780-UnityPersXXXX
  Product: Unity Personal
  Type: Assigned
  Expiration: Unlimited
- Loaded All Assemblies, in  0.763 seconds
Refreshing native plugins compatible for Editor in 1.22 ms, found 4 plugins.
Native extension for WindowsStandalone target not found
[Package Manager] Failed to launch server process. Reason: Unity was launched with the -noUpm command-line argument
[Package Manager] Unable to send message (not connected to server process).
[Package Manager] Cannot connect to Unity Package Manager local server
Refreshing native plugins compatible for Editor in 1.44 ms, found 4 plugins.
[Package Manager] Failed to launch server process. Reason: Unity was launched with the -noUpm command-line argument
[Package Manager] Unable to send message (not connected to server process).
[Package Manager] Cannot connect to Unity Package Manager local server
ScheduleIndexationOnStartup MainProcess:False IndexOnStartup:True
Mono: successfully reloaded assembly
- Finished resetting the current domain, in  0.712 seconds
Domain Reload Profiling: 1471ms
	BeginReloadAssembly (170ms)
		ExecutionOrderSort (0ms)
		DisableScriptedObjects (6ms)
		BackupInstance (0ms)
		ReleaseScriptingObjects (0ms)
		CreateAndSetChildDomain (26ms)
	RebuildCommonClasses (34ms)
	RebuildNativeTypeToScriptingClass (14ms)
	initialDomainReloadingComplete (38ms)
	LoadAllAssembliesAndSetupDomain (503ms)
		LoadAssemblies (332ms)
		RebuildTransferFunctionScriptingTraits (0ms)
		AnalyzeDomain (266ms)
			TypeCache.Refresh (175ms)
				TypeCache.ScanAssembly (159ms)
			BuildScriptInfoCaches (78ms)
			ResolveRequiredComponents (9ms)
	FinalizeReload (712ms)
		ReleaseScriptCaches (0ms)
		RebuildScriptCaches (0ms)
		SetupLoadedEditorAssemblies (517ms)
			LogAssemblyErrors (0ms)
			InitializePlatformSupportModulesInManaged (2ms)
			SetLoadedEditorAssemblies (4ms)
			BeforeProcessingInitializeOnLoad (132ms)
			ProcessInitializeOnLoadAttributes (317ms)
			ProcessInitializeOnLoadMethodAttributes (58ms)
			AfterProcessingInitializeOnLoad (5ms)
			EditorAssembliesLoaded (0ms)
		ExecutionOrderSort2 (0ms)
		AwakeInstancesAfterBackupRestoration (5ms)
Launched and connected shader compiler UnityShaderCompiler.exe after 0.01 seconds
Refreshing native plugins compatible for Editor in 0.72 ms, found 4 plugins.
Preloading 0 native plugins for Editor in 0.00 ms.
Unloading 16 Unused Serialized files (Serialized files now loaded: 0)
Unloading 6436 unused Assets / (3.4 MB). Loaded Objects now: 7230.
Memory consumption went from 151.7 MB to 148.4 MB.
Total: 5.560100 ms (FindLiveObjects: 0.491300 ms CreateObjectMapping: 0.223000 ms MarkObjects: 3.484200 ms  DeleteObjects: 1.360800 ms)

========================================================================
Received Import Request.
  Time since last request: 615.118390 seconds.
  path: Assets/TechnoGami/2d UI button
  artifactKey: Guid(af50f677c2a488e49af2a7be77c9d197) Importer(815301076,1909f56bfc062723c751e8b465ee728b)
Start importing Assets/TechnoGami/2d UI button using Guid(af50f677c2a488e49af2a7be77c9d197) Importer(815301076,1909f56bfc062723c751e8b465ee728b) (PreviewImporter) -> (artifact id: 'df2d3a83128e43c02361cd0c9946646f') in 0.0052287 seconds
Number of updated asset objects reloaded before import = 0Number of asset objects unloaded after import = 0

========================================================================
Received Import Request.
  Time since last request: 0.760707 seconds.
  path: Assets/TechnoGami/2d UI button/AllSection
  artifactKey: Guid(893625075f39a4448b148bce75e19bdf) Importer(815301076,1909f56bfc062723c751e8b465ee728b)
Start importing Assets/TechnoGami/2d UI button/AllSection using Guid(893625075f39a4448b148bce75e19bdf) Importer(815301076,1909f56bfc062723c751e8b465ee728b) (PreviewImporter) -> (artifact id: 'fbaee263eb740c98bf321001cb2c4145') in 0.0005102 seconds
Number of updated asset objects reloaded before import = 0Number of asset objects unloaded after import = 0

========================================================================
Received Import Request.
  Time since last request: 0.658137 seconds.
  path: Assets/TechnoGami/2d UI button/AllSection/Section03
  artifactKey: Guid(a87f5421fb74e8b4e93aedc0a380be2a) Importer(815301076,1909f56bfc062723c751e8b465ee728b)
Start importing Assets/TechnoGami/2d UI button/AllSection/Section03 using Guid(a87f5421fb74e8b4e93aedc0a380be2a) Importer(815301076,1909f56bfc062723c751e8b465ee728b) (PreviewImporter) -> (artifact id: 'b20939f39580710e7b05ebce556f9dd1') in 0.0005772 seconds
Number of updated asset objects reloaded before import = 0Number of asset objects unloaded after import = 0

========================================================================
Received Import Request.
  Time since last request: 0.046599 seconds.
  path: Assets/TechnoGami/2d UI button/AllSection/Section03/BlankButton.png
  artifactKey: Guid(351b4cbab5939a44aac01a42754e41a1) Importer(815301076,1909f56bfc062723c751e8b465ee728b)
Start importing Assets/TechnoGami/2d UI button/AllSection/Section03/BlankButton.png using Guid(351b4cbab5939a44aac01a42754e41a1) Importer(815301076,1909f56bfc062723c751e8b465ee728b) (PreviewImporter) -> (artifact id: '52068e54b41a486c824e7f005cb6c271') in 0.0769106 seconds
Number of updated asset objects reloaded before import = 0Number of asset objects unloaded after import = 3

========================================================================
Received Import Request.
  Time since last request: 11.816372 seconds.
  path: Assets/Class 03th (User Interface)/Sprites/BlankButton 1.png
  artifactKey: Guid(351b4cbab5939a44aac01a42754e41a1) Importer(2089858483,b0f066a214c2f5e87bad3c948f4d605d)
Start importing Assets/Class 03th (User Interface)/Sprites/BlankButton 1.png using Guid(351b4cbab5939a44aac01a42754e41a1) Importer(2089858483,b0f066a214c2f5e87bad3c948f4d605d) (ScriptedImporter) -> (artifact id: 'c46ea2c55318ae99e47195ce24069dd9') in 0.1157334 seconds
Number of updated asset objects reloaded before import = 0Number of asset objects unloaded after import = 3

========================================================================
Received Import Request.
  Time since last request: 0.005237 seconds.
  path: Assets/Class 03th (User Interface)/Sprites/BlankButton 1.png
  artifactKey: Guid(351b4cbab5939a44aac01a42754e41a1) Importer(815301076,1909f56bfc062723c751e8b465ee728b)
Start importing Assets/Class 03th (User Interface)/Sprites/BlankButton 1.png using Guid(351b4cbab5939a44aac01a42754e41a1) Importer(815301076,1909f56bfc062723c751e8b465ee728b) (PreviewImporter) -> (artifact id: '748b15a9aaad9e2e78925b383094e582') in 0.0091585 seconds
Number of updated asset objects reloaded before import = 0Number of asset objects unloaded after import = 3

========================================================================
Received Prepare
Begin MonoManager ReloadAssembly
[Licensing::Client] Successfully resolved entitlement details
- Loaded All Assemblies, in  0.747 seconds
Refreshing native plugins compatible for Editor in 1.30 ms, found 4 plugins.
Native extension for WindowsStandalone target not found
[Package Manager] Failed to launch server process. Reason: Unity was launched with the -noUpm command-line argument
[Package Manager] Unable to send message (not connected to server process).
[Package Manager] Cannot connect to Unity Package Manager local server
[Package Manager] Failed to launch server process. Reason: Unity was launched with the -noUpm command-line argument
[Package Manager] Unable to send message (not connected to server process).
[Package Manager] Cannot connect to Unity Package Manager local server
ScheduleIndexationOnStartup MainProcess:False IndexOnStartup:True
Mono: successfully reloaded assembly
- Finished resetting the current domain, in  0.782 seconds
Domain Reload Profiling: 1528ms
	BeginReloadAssembly (212ms)
		ExecutionOrderSort (0ms)
		DisableScriptedObjects (6ms)
		BackupInstance (0ms)
		ReleaseScriptingObjects (0ms)
		CreateAndSetChildDomain (49ms)
	RebuildCommonClasses (34ms)
	RebuildNativeTypeToScriptingClass (15ms)
	initialDomainReloadingComplete (29ms)
	LoadAllAssembliesAndSetupDomain (456ms)
		LoadAssemblies (358ms)
		RebuildTransferFunctionScriptingTraits (0ms)
		AnalyzeDomain (196ms)
			TypeCache.Refresh (9ms)
				TypeCache.ScanAssembly (0ms)
			BuildScriptInfoCaches (172ms)
			ResolveRequiredComponents (9ms)
	FinalizeReload (783ms)
		ReleaseScriptCaches (0ms)
		RebuildScriptCaches (0ms)
		SetupLoadedEditorAssemblies (602ms)
			LogAssemblyErrors (0ms)
			InitializePlatformSupportModulesInManaged (2ms)
			SetLoadedEditorAssemblies (4ms)
			BeforeProcessingInitializeOnLoad (161ms)
			ProcessInitializeOnLoadAttributes (356ms)
			ProcessInitializeOnLoadMethodAttributes (73ms)
			AfterProcessingInitializeOnLoad (6ms)
			EditorAssembliesLoaded (0ms)
		ExecutionOrderSort2 (0ms)
		AwakeInstancesAfterBackupRestoration (17ms)
Refreshing native plugins compatible for Editor in 1.85 ms, found 4 plugins.
Preloading 0 native plugins for Editor in 0.00 ms.
Unloading 16 Unused Serialized files (Serialized files now loaded: 0)
Unloading 6434 unused Assets / (3.9 MB). Loaded Objects now: 7253.
Memory consumption went from 157.6 MB to 153.7 MB.
Total: 8.432600 ms (FindLiveObjects: 0.887800 ms CreateObjectMapping: 0.333800 ms MarkObjects: 4.965700 ms  DeleteObjects: 2.244100 ms)

Prepare: number of updated asset objects reloaded= 0
========================================================================
Received Prepare
Begin MonoManager ReloadAssembly
- Loaded All Assemblies, in  0.743 seconds
Refreshing native plugins compatible for Editor in 1.33 ms, found 4 plugins.
Native extension for WindowsStandalone target not found
[Package Manager] Failed to launch server process. Reason: Unity was launched with the -noUpm command-line argument
[Package Manager] Unable to send message (not connected to server process).
[Package Manager] Cannot connect to Unity Package Manager local server
[Package Manager] Failed to launch server process. Reason: Unity was launched with the -noUpm command-line argument
[Package Manager] Unable to send message (not connected to server process).
[Package Manager] Cannot connect to Unity Package Manager local server
ScheduleIndexationOnStartup MainProcess:False IndexOnStartup:True
Mono: successfully reloaded assembly
- Finished resetting the current domain, in  0.785 seconds
Domain Reload Profiling: 1527ms
	BeginReloadAssembly (205ms)
		ExecutionOrderSort (0ms)
		DisableScriptedObjects (6ms)
		BackupInstance (0ms)
		ReleaseScriptingObjects (0ms)
		CreateAndSetChildDomain (44ms)
	RebuildCommonClasses (35ms)
	RebuildNativeTypeToScriptingClass (15ms)
	initialDomainReloadingComplete (28ms)
	LoadAllAssembliesAndSetupDomain (460ms)
		LoadAssemblies (357ms)
		RebuildTransferFunctionScriptingTraits (0ms)
		AnalyzeDomain (201ms)
			TypeCache.Refresh (9ms)
				TypeCache.ScanAssembly (0ms)
			BuildScriptInfoCaches (178ms)
			ResolveRequiredComponents (10ms)
	FinalizeReload (785ms)
		ReleaseScriptCaches (0ms)
		RebuildScriptCaches (0ms)
		SetupLoadedEditorAssemblies (596ms)
			LogAssemblyErrors (0ms)
			InitializePlatformSupportModulesInManaged (2ms)
			SetLoadedEditorAssemblies (4ms)
			BeforeProcessingInitializeOnLoad (159ms)
			ProcessInitializeOnLoadAttributes (349ms)
			ProcessInitializeOnLoadMethodAttributes (74ms)
			AfterProcessingInitializeOnLoad (6ms)
			EditorAssembliesLoaded (0ms)
		ExecutionOrderSort2 (0ms)
		AwakeInstancesAfterBackupRestoration (17ms)
Refreshing native plugins compatible for Editor in 1.85 ms, found 4 plugins.
Preloading 0 native plugins for Editor in 0.00 ms.
Unloading 16 Unused Serialized files (Serialized files now loaded: 0)
Unloading 6434 unused Assets / (4.0 MB). Loaded Objects now: 7256.
Memory consumption went from 157.4 MB to 153.5 MB.
Total: 8.188200 ms (FindLiveObjects: 0.799700 ms CreateObjectMapping: 0.489600 ms MarkObjects: 4.744400 ms  DeleteObjects: 2.153200 ms)

Prepare: number of updated asset objects reloaded= 0
========================================================================
Received Import Request.
  Time since last request: 178.771203 seconds.
  path: Assets/Class 03th (User Interface)/Sprites/Highlighted.png
  artifactKey: Guid(351b4cbab5939a44aac01a42754e41a1) Importer(815301076,1909f56bfc062723c751e8b465ee728b)
Start importing Assets/Class 03th (User Interface)/Sprites/Highlighted.png using Guid(351b4cbab5939a44aac01a42754e41a1) Importer(815301076,1909f56bfc062723c751e8b465ee728b) (PreviewImporter) -> (artifact id: '07819f31ca783747d8429d5c04116866') in 0.0730927 seconds
Number of updated asset objects reloaded before import = 0Number of asset objects unloaded after import = 3

========================================================================
Received Import Request.
  Time since last request: 5.175426 seconds.
  path: Assets/Class 03th (User Interface)/Sprites/Normal.png
  artifactKey: Guid(8d30fc405704e214498ee00bc05c50ad) Importer(815301076,1909f56bfc062723c751e8b465ee728b)
Start importing Assets/Class 03th (User Interface)/Sprites/Normal.png using Guid(8d30fc405704e214498ee00bc05c50ad) Importer(815301076,1909f56bfc062723c751e8b465ee728b) (PreviewImporter) -> (artifact id: '957883d38a01fd54c4d39283c58afc2f') in 0.0227268 seconds
Number of updated asset objects reloaded before import = 0Number of asset objects unloaded after import = 3

========================================================================
Received Import Request.
  Time since last request: 17.685071 seconds.
  path: Assets/Class 03th (User Interface)/Sprites/pressed.png
  artifactKey: Guid(351b4cbab5939a44aac01a42754e41a1) Importer(815301076,1909f56bfc062723c751e8b465ee728b)
Start importing Assets/Class 03th (User Interface)/Sprites/pressed.png using Guid(351b4cbab5939a44aac01a42754e41a1) Importer(815301076,1909f56bfc062723c751e8b465ee728b) (PreviewImporter) -> (artifact id: 'bf07f79cec42a2c63777692d2bd4a4b5') in 0.0116119 seconds
Number of updated asset objects reloaded before import = 0Number of asset objects unloaded after import = 3

========================================================================
Received Import Request.
  Time since last request: 59.179851 seconds.
  path: Assets/TechnoGami/2d UI button/AllSection/Section05/BlankButton.png
  artifactKey: Guid(4d350e589a7cb554ca7301a404d9b847) Importer(815301076,1909f56bfc062723c751e8b465ee728b)
Start importing Assets/TechnoGami/2d UI button/AllSection/Section05/BlankButton.png using Guid(4d350e589a7cb554ca7301a404d9b847) Importer(815301076,1909f56bfc062723c751e8b465ee728b) (PreviewImporter) -> (artifact id: 'c2572d6df4fe0d1d165123dd37916447') in 0.0104414 seconds
Number of updated asset objects reloaded before import = 0Number of asset objects unloaded after import = 3

========================================================================
Received Import Request.
  Time since last request: 12.397629 seconds.
  path: Assets/Class 03th (User Interface)/Sprites/Highlighted.png
  artifactKey: Guid(4d350e589a7cb554ca7301a404d9b847) Importer(815301076,1909f56bfc062723c751e8b465ee728b)
Start importing Assets/Class 03th (User Interface)/Sprites/Highlighted.png using Guid(4d350e589a7cb554ca7301a404d9b847) Importer(815301076,1909f56bfc062723c751e8b465ee728b) (PreviewImporter) -> (artifact id: 'ab6a24a6796539c56735608714271497') in 0.0117083 seconds
Number of updated asset objects reloaded before import = 0Number of asset objects unloaded after import = 3

========================================================================
Received Prepare
Begin MonoManager ReloadAssembly
[Licensing::Client] Successfully resolved entitlement details
- Loaded All Assemblies, in  0.734 seconds
Refreshing native plugins compatible for Editor in 1.54 ms, found 4 plugins.
Native extension for WindowsStandalone target not found
[Package Manager] Failed to launch server process. Reason: Unity was launched with the -noUpm command-line argument
[Package Manager] Unable to send message (not connected to server process).
[Package Manager] Cannot connect to Unity Package Manager local server
[Package Manager] Failed to launch server process. Reason: Unity was launched with the -noUpm command-line argument
[Package Manager] Unable to send message (not connected to server process).
[Package Manager] Cannot connect to Unity Package Manager local server
ScheduleIndexationOnStartup MainProcess:False IndexOnStartup:True
Mono: successfully reloaded assembly
- Finished resetting the current domain, in  0.784 seconds
Domain Reload Profiling: 1518ms
	BeginReloadAssembly (209ms)
		ExecutionOrderSort (0ms)
		DisableScriptedObjects (6ms)
		BackupInstance (0ms)
		ReleaseScriptingObjects (0ms)
		CreateAndSetChildDomain (48ms)
	RebuildCommonClasses (34ms)
	RebuildNativeTypeToScriptingClass (15ms)
	initialDomainReloadingComplete (29ms)
	LoadAllAssembliesAndSetupDomain (448ms)
		LoadAssemblies (336ms)
		RebuildTransferFunctionScriptingTraits (0ms)
		AnalyzeDomain (208ms)
			TypeCache.Refresh (12ms)
				TypeCache.ScanAssembly (0ms)
			BuildScriptInfoCaches (181ms)
			ResolveRequiredComponents (10ms)
	FinalizeReload (784ms)
		ReleaseScriptCaches (0ms)
		RebuildScriptCaches (0ms)
		SetupLoadedEditorAssemblies (597ms)
			LogAssemblyErrors (0ms)
			InitializePlatformSupportModulesInManaged (2ms)
			SetLoadedEditorAssemblies (4ms)
			BeforeProcessingInitializeOnLoad (156ms)
			ProcessInitializeOnLoadAttributes (356ms)
			ProcessInitializeOnLoadMethodAttributes (73ms)
			AfterProcessingInitializeOnLoad (6ms)
			EditorAssembliesLoaded (0ms)
		ExecutionOrderSort2 (0ms)
		AwakeInstancesAfterBackupRestoration (17ms)
Refreshing native plugins compatible for Editor in 1.81 ms, found 4 plugins.
Preloading 0 native plugins for Editor in 0.00 ms.
Unloading 16 Unused Serialized files (Serialized files now loaded: 0)
Unloading 6434 unused Assets / (3.9 MB). Loaded Objects now: 7259.
Memory consumption went from 157.5 MB to 153.6 MB.
Total: 8.205100 ms (FindLiveObjects: 0.836200 ms CreateObjectMapping: 0.379600 ms MarkObjects: 4.851900 ms  DeleteObjects: 2.136600 ms)

Prepare: number of updated asset objects reloaded= 0
========================================================================
Received Prepare
Begin MonoManager ReloadAssembly
- Loaded All Assemblies, in  0.748 seconds
Refreshing native plugins compatible for Editor in 1.83 ms, found 4 plugins.
Native extension for WindowsStandalone target not found
[Package Manager] Failed to launch server process. Reason: Unity was launched with the -noUpm command-line argument
[Package Manager] Unable to send message (not connected to server process).
[Package Manager] Cannot connect to Unity Package Manager local server
[Package Manager] Failed to launch server process. Reason: Unity was launched with the -noUpm command-line argument
[Package Manager] Unable to send message (not connected to server process).
[Package Manager] Cannot connect to Unity Package Manager local server
ScheduleIndexationOnStartup MainProcess:False IndexOnStartup:True
Mono: successfully reloaded assembly
- Finished resetting the current domain, in  0.765 seconds
Domain Reload Profiling: 1512ms
	BeginReloadAssembly (205ms)
		ExecutionOrderSort (0ms)
		DisableScriptedObjects (6ms)
		BackupInstance (0ms)
		ReleaseScriptingObjects (0ms)
		CreateAndSetChildDomain (44ms)
	RebuildCommonClasses (35ms)
	RebuildNativeTypeToScriptingClass (15ms)
	initialDomainReloadingComplete (29ms)
	LoadAllAssembliesAndSetupDomain (463ms)
		LoadAssemblies (351ms)
		RebuildTransferFunctionScriptingTraits (0ms)
		AnalyzeDomain (208ms)
			TypeCache.Refresh (12ms)
				TypeCache.ScanAssembly (0ms)
			BuildScriptInfoCaches (180ms)
			ResolveRequiredComponents (10ms)
	FinalizeReload (765ms)
		ReleaseScriptCaches (0ms)
		RebuildScriptCaches (0ms)
		SetupLoadedEditorAssemblies (577ms)
			LogAssemblyErrors (0ms)
			InitializePlatformSupportModulesInManaged (2ms)
			SetLoadedEditorAssemblies (4ms)
			BeforeProcessingInitializeOnLoad (139ms)
			ProcessInitializeOnLoadAttributes (352ms)
			ProcessInitializeOnLoadMethodAttributes (73ms)
			AfterProcessingInitializeOnLoad (6ms)
			EditorAssembliesLoaded (0ms)
		ExecutionOrderSort2 (0ms)
		AwakeInstancesAfterBackupRestoration (17ms)
Refreshing native plugins compatible for Editor in 1.81 ms, found 4 plugins.
Preloading 0 native plugins for Editor in 0.00 ms.
Unloading 16 Unused Serialized files (Serialized files now loaded: 0)
Unloading 6434 unused Assets / (3.9 MB). Loaded Objects now: 7262.
Memory consumption went from 157.5 MB to 153.6 MB.
Total: 8.103600 ms (FindLiveObjects: 0.866700 ms CreateObjectMapping: 0.438300 ms MarkObjects: 4.693100 ms  DeleteObjects: 2.104500 ms)

Prepare: number of updated asset objects reloaded= 0
========================================================================
Received Prepare
Begin MonoManager ReloadAssembly
[Licensing::Client] Successfully resolved entitlement details
- Loaded All Assemblies, in  0.747 seconds
Refreshing native plugins compatible for Editor in 1.26 ms, found 4 plugins.
Native extension for WindowsStandalone target not found
[Package Manager] Failed to launch server process. Reason: Unity was launched with the -noUpm command-line argument
[Package Manager] Unable to send message (not connected to server process).
[Package Manager] Cannot connect to Unity Package Manager local server
[Package Manager] Failed to launch server process. Reason: Unity was launched with the -noUpm command-line argument
[Package Manager] Unable to send message (not connected to server process).
[Package Manager] Cannot connect to Unity Package Manager local server
ScheduleIndexationOnStartup MainProcess:False IndexOnStartup:True
Mono: successfully reloaded assembly
- Finished resetting the current domain, in  0.776 seconds
Domain Reload Profiling: 1522ms
	BeginReloadAssembly (203ms)
		ExecutionOrderSort (0ms)
		DisableScriptedObjects (6ms)
		BackupInstance (0ms)
		ReleaseScriptingObjects (0ms)
		CreateAndSetChildDomain (44ms)
	RebuildCommonClasses (37ms)
	RebuildNativeTypeToScriptingClass (15ms)
	initialDomainReloadingComplete (30ms)
	LoadAllAssembliesAndSetupDomain (461ms)
		LoadAssemblies (345ms)
		RebuildTransferFunctionScriptingTraits (0ms)
		AnalyzeDomain (210ms)
			TypeCache.Refresh (12ms)
				TypeCache.ScanAssembly (0ms)
			BuildScriptInfoCaches (184ms)
			ResolveRequiredComponents (10ms)
	FinalizeReload (777ms)
		ReleaseScriptCaches (0ms)
		RebuildScriptCaches (0ms)
		SetupLoadedEditorAssemblies (605ms)
			LogAssemblyErrors (0ms)
			InitializePlatformSupportModulesInManaged (2ms)
			SetLoadedEditorAssemblies (4ms)
			BeforeProcessingInitializeOnLoad (162ms)
			ProcessInitializeOnLoadAttributes (357ms)
			ProcessInitializeOnLoadMethodAttributes (75ms)
			AfterProcessingInitializeOnLoad (5ms)
			EditorAssembliesLoaded (0ms)
		ExecutionOrderSort2 (0ms)
		AwakeInstancesAfterBackupRestoration (14ms)
Refreshing native plugins compatible for Editor in 1.35 ms, found 4 plugins.
Preloading 0 native plugins for Editor in 0.00 ms.
Unloading 16 Unused Serialized files (Serialized files now loaded: 0)
Unloading 6434 unused Assets / (3.9 MB). Loaded Objects now: 7265.
Memory consumption went from 157.6 MB to 153.7 MB.
Total: 8.596100 ms (FindLiveObjects: 0.855100 ms CreateObjectMapping: 0.458800 ms MarkObjects: 5.118300 ms  DeleteObjects: 2.162900 ms)

Prepare: number of updated asset objects reloaded= 0
========================================================================
Received Prepare
Begin MonoManager ReloadAssembly
[Licensing::Client] Successfully resolved entitlement details
- Loaded All Assemblies, in  0.746 seconds
Refreshing native plugins compatible for Editor in 1.31 ms, found 4 plugins.
Native extension for WindowsStandalone target not found
[Package Manager] Failed to launch server process. Reason: Unity was launched with the -noUpm command-line argument
[Package Manager] Unable to send message (not connected to server process).
[Package Manager] Cannot connect to Unity Package Manager local server
[Package Manager] Failed to launch server process. Reason: Unity was launched with the -noUpm command-line argument
[Package Manager] Unable to send message (not connected to server process).
[Package Manager] Cannot connect to Unity Package Manager local server
ScheduleIndexationOnStartup MainProcess:False IndexOnStartup:True
Mono: successfully reloaded assembly
- Finished resetting the current domain, in  0.752 seconds
Domain Reload Profiling: 1499ms
	BeginReloadAssembly (203ms)
		ExecutionOrderSort (0ms)
		DisableScriptedObjects (6ms)
		BackupInstance (0ms)
		ReleaseScriptingObjects (0ms)
		CreateAndSetChildDomain (44ms)
	RebuildCommonClasses (35ms)
	RebuildNativeTypeToScriptingClass (15ms)
	initialDomainReloadingComplete (30ms)
	LoadAllAssembliesAndSetupDomain (464ms)
		LoadAssemblies (352ms)
		RebuildTransferFunctionScriptingTraits (0ms)
		AnalyzeDomain (206ms)
			TypeCache.Refresh (12ms)
				TypeCache.ScanAssembly (0ms)
			BuildScriptInfoCaches (179ms)
			ResolveRequiredComponents (9ms)
	FinalizeReload (752ms)
		ReleaseScriptCaches (0ms)
		RebuildScriptCaches (0ms)
		SetupLoadedEditorAssemblies (589ms)
			LogAssemblyErrors (0ms)
			InitializePlatformSupportModulesInManaged (2ms)
			SetLoadedEditorAssemblies (4ms)
			BeforeProcessingInitializeOnLoad (149ms)
			ProcessInitializeOnLoadAttributes (353ms)
			ProcessInitializeOnLoadMethodAttributes (75ms)
			AfterProcessingInitializeOnLoad (6ms)
			EditorAssembliesLoaded (0ms)
		ExecutionOrderSort2 (0ms)
		AwakeInstancesAfterBackupRestoration (17ms)
Refreshing native plugins compatible for Editor in 1.72 ms, found 4 plugins.
Preloading 0 native plugins for Editor in 0.00 ms.
Unloading 16 Unused Serialized files (Serialized files now loaded: 0)
Unloading 6434 unused Assets / (4.1 MB). Loaded Objects now: 7268.
Memory consumption went from 157.6 MB to 153.5 MB.
Total: 8.656900 ms (FindLiveObjects: 0.844800 ms CreateObjectMapping: 0.510900 ms MarkObjects: 4.944800 ms  DeleteObjects: 2.355400 ms)

Prepare: number of updated asset objects reloaded= 0
========================================================================
Received Import Request.
  Time since last request: 432.160772 seconds.
  path: Assets/Class 03th (User Interface)/Sprites/pressed & Selected.png
  artifactKey: Guid(351b4cbab5939a44aac01a42754e41a1) Importer(815301076,1909f56bfc062723c751e8b465ee728b)
Start importing Assets/Class 03th (User Interface)/Sprites/pressed & Selected.png using Guid(351b4cbab5939a44aac01a42754e41a1) Importer(815301076,1909f56bfc062723c751e8b465ee728b) (PreviewImporter) -> (artifact id: 'a505efe48be7eb5882ff851e84f5c46a') in 0.0906199 seconds
Number of updated asset objects reloaded before import = 0Number of asset objects unloaded after import = 3

========================================================================
Received Prepare
Begin MonoManager ReloadAssembly
[Licensing::Client] Successfully resolved entitlement details
- Loaded All Assemblies, in  0.743 seconds
Refreshing native plugins compatible for Editor in 1.30 ms, found 4 plugins.
Native extension for WindowsStandalone target not found
[Package Manager] Failed to launch server process. Reason: Unity was launched with the -noUpm command-line argument
[Package Manager] Unable to send message (not connected to server process).
[Package Manager] Cannot connect to Unity Package Manager local server
[Package Manager] Failed to launch server process. Reason: Unity was launched with the -noUpm command-line argument
[Package Manager] Unable to send message (not connected to server process).
[Package Manager] Cannot connect to Unity Package Manager local server
ScheduleIndexationOnStartup MainProcess:False IndexOnStartup:True
Mono: successfully reloaded assembly
- Finished resetting the current domain, in  0.762 seconds
Domain Reload Profiling: 1505ms
	BeginReloadAssembly (206ms)
		ExecutionOrderSort (0ms)
		DisableScriptedObjects (6ms)
		BackupInstance (0ms)
		ReleaseScriptingObjects (0ms)
		CreateAndSetChildDomain (47ms)
	RebuildCommonClasses (35ms)
	RebuildNativeTypeToScriptingClass (15ms)
	initialDomainReloadingComplete (29ms)
	LoadAllAssembliesAndSetupDomain (458ms)
		LoadAssemblies (347ms)
		RebuildTransferFunctionScriptingTraits (0ms)
		AnalyzeDomain (206ms)
			TypeCache.Refresh (13ms)
				TypeCache.ScanAssembly (0ms)
			BuildScriptInfoCaches (179ms)
			ResolveRequiredComponents (9ms)
	FinalizeReload (763ms)
		ReleaseScriptCaches (0ms)
		RebuildScriptCaches (0ms)
		SetupLoadedEditorAssemblies (585ms)
			LogAssemblyErrors (0ms)
			InitializePlatformSupportModulesInManaged (2ms)
			SetLoadedEditorAssemblies (3ms)
			BeforeProcessingInitializeOnLoad (139ms)
			ProcessInitializeOnLoadAttributes (360ms)
			ProcessInitializeOnLoadMethodAttributes (73ms)
			AfterProcessingInitializeOnLoad (7ms)
			EditorAssembliesLoaded (0ms)
		ExecutionOrderSort2 (0ms)
		AwakeInstancesAfterBackupRestoration (17ms)
Refreshing native plugins compatible for Editor in 1.99 ms, found 4 plugins.
Preloading 0 native plugins for Editor in 0.00 ms.
Unloading 16 Unused Serialized files (Serialized files now loaded: 0)
Unloading 6434 unused Assets / (4.0 MB). Loaded Objects now: 7271.
Memory consumption went from 157.7 MB to 153.7 MB.
Total: 8.055300 ms (FindLiveObjects: 0.851800 ms CreateObjectMapping: 0.427900 ms MarkObjects: 4.568700 ms  DeleteObjects: 2.205300 ms)

Prepare: number of updated asset objects reloaded= 0
========================================================================
Received Import Request.
  Time since last request: 178.629311 seconds.
  path: Assets/Class 03th (User Interface)
  artifactKey: Guid(9f61f992ee0438f43be66c7151c67890) Importer(815301076,1909f56bfc062723c751e8b465ee728b)
Start importing Assets/Class 03th (User Interface) using Guid(9f61f992ee0438f43be66c7151c67890) Importer(815301076,1909f56bfc062723c751e8b465ee728b) (PreviewImporter) -> (artifact id: '4d4c0fd611c4fec1444087421b8f5948') in 0.0061159 seconds
Number of updated asset objects reloaded before import = 0Number of asset objects unloaded after import = 0

========================================================================
Received Import Request.
  Time since last request: 2.586600 seconds.
  path: Assets/Class 03th (User Interface)/Sprites/pressed & Selected.png
  artifactKey: Guid(351b4cbab5939a44aac01a42754e41a1) Importer(2089858483,b0f066a214c2f5e87bad3c948f4d605d)
Start importing Assets/Class 03th (User Interface)/Sprites/pressed & Selected.png using Guid(351b4cbab5939a44aac01a42754e41a1) Importer(2089858483,b0f066a214c2f5e87bad3c948f4d605d) (ScriptedImporter) -> (artifact id: '8d8b2a933a2e4054aabdde18d19030db') in 0.1227195 seconds
Number of updated asset objects reloaded before import = 0Number of asset objects unloaded after import = 3

========================================================================
Received Import Request.
  Time since last request: 0.000026 seconds.
  path: Assets/Class 03th (User Interface)/Sprites/Highlighted.png
  artifactKey: Guid(4d350e589a7cb554ca7301a404d9b847) Importer(2089858483,b0f066a214c2f5e87bad3c948f4d605d)
Start importing Assets/Class 03th (User Interface)/Sprites/Highlighted.png using Guid(4d350e589a7cb554ca7301a404d9b847) Importer(2089858483,b0f066a214c2f5e87bad3c948f4d605d) (ScriptedImporter) -> (artifact id: 'bb3c7a1234a42c5a4380160254c9d148') in 0.0132711 seconds
Number of updated asset objects reloaded before import = 0Number of asset objects unloaded after import = 3

========================================================================
Received Import Request.
  Time since last request: 4.535036 seconds.
  path: Assets/Class 03th (User Interface)/Scripts
  artifactKey: Guid(b63fcf6edc49e894fb06e7fa20212206) Importer(815301076,1909f56bfc062723c751e8b465ee728b)
Start importing Assets/Class 03th (User Interface)/Scripts using Guid(b63fcf6edc49e894fb06e7fa20212206) Importer(815301076,1909f56bfc062723c751e8b465ee728b) (PreviewImporter) -> (artifact id: 'ec1e6a4c9edbbf5cd24bbe25efd7103e') in 0.0005029 seconds
Number of updated asset objects reloaded before import = 0Number of asset objects unloaded after import = 0

========================================================================
Received Import Request.
  Time since last request: 0.945474 seconds.
  path: Assets/Class 03th (User Interface)/Scripts
  artifactKey: Guid(b63fcf6edc49e894fb06e7fa20212206) Importer(2089858483,b0f066a214c2f5e87bad3c948f4d605d)
Start importing Assets/Class 03th (User Interface)/Scripts using Guid(b63fcf6edc49e894fb06e7fa20212206) Importer(2089858483,b0f066a214c2f5e87bad3c948f4d605d) (ScriptedImporter) -> (artifact id: 'e6d5a01dc24352571a77228a1b3c4db7') in 0.0088118 seconds
Number of updated asset objects reloaded before import = 0Number of asset objects unloaded after import = 1

========================================================================
Received Prepare
Refreshing native plugins compatible for Editor in 1.38 ms, found 4 plugins.
Preloading 0 native plugins for Editor in 0.00 ms.
Unloading 16 Unused Serialized files (Serialized files now loaded: 0)
Unloading 6424 unused Assets / (3.5 MB). Loaded Objects now: 7272.
Memory consumption went from 158.1 MB to 154.6 MB.
Total: 8.084700 ms (FindLiveObjects: 0.809600 ms CreateObjectMapping: 0.311900 ms MarkObjects: 5.057300 ms  DeleteObjects: 1.904700 ms)

Prepare: number of updated asset objects reloaded= 0
========================================================================
Received Import Request.
  Time since last request: 53.638139 seconds.
  path: Assets/Class 03th (User Interface)/Scripts/MainMenu.cs
  artifactKey: Guid(49f893895acc5f94eb5f2d41544bfa13) Importer(815301076,1909f56bfc062723c751e8b465ee728b)
Start importing Assets/Class 03th (User Interface)/Scripts/MainMenu.cs using Guid(49f893895acc5f94eb5f2d41544bfa13) Importer(815301076,1909f56bfc062723c751e8b465ee728b) (PreviewImporter) -> (artifact id: 'a5100cafeed437bf32672eeb3f24cbc7') in 0.0040644 seconds
Number of updated asset objects reloaded before import = 0Number of asset objects unloaded after import = 0

========================================================================
Received Import Request.
  Time since last request: 0.684219 seconds.
  path: Assets/Class 03th (User Interface)/Scripts/MainMenu.cs
  artifactKey: Guid(49f893895acc5f94eb5f2d41544bfa13) Importer(2089858483,b0f066a214c2f5e87bad3c948f4d605d)
Start importing Assets/Class 03th (User Interface)/Scripts/MainMenu.cs using Guid(49f893895acc5f94eb5f2d41544bfa13) Importer(2089858483,b0f066a214c2f5e87bad3c948f4d605d) (ScriptedImporter) -> (artifact id: 'd70ab55ab3733f5030ace2250fe8d4ed') in 0.0081277 seconds
Number of updated asset objects reloaded before import = 0Number of asset objects unloaded after import = 0

========================================================================
Received Prepare
Begin MonoManager ReloadAssembly
[Licensing::Client] Successfully resolved entitlement details
- Loaded All Assemblies, in  0.749 seconds
Refreshing native plugins compatible for Editor in 1.17 ms, found 4 plugins.
Native extension for WindowsStandalone target not found
[Package Manager] Failed to launch server process. Reason: Unity was launched with the -noUpm command-line argument
[Package Manager] Unable to send message (not connected to server process).
[Package Manager] Cannot connect to Unity Package Manager local server
[Package Manager] Failed to launch server process. Reason: Unity was launched with the -noUpm command-line argument
[Package Manager] Unable to send message (not connected to server process).
[Package Manager] Cannot connect to Unity Package Manager local server
ScheduleIndexationOnStartup MainProcess:False IndexOnStartup:True
Mono: successfully reloaded assembly
- Finished resetting the current domain, in  0.671 seconds
Domain Reload Profiling: 1420ms
	BeginReloadAssembly (203ms)
		ExecutionOrderSort (0ms)
		DisableScriptedObjects (6ms)
		BackupInstance (0ms)
		ReleaseScriptingObjects (0ms)
		CreateAndSetChildDomain (44ms)
	RebuildCommonClasses (37ms)
	RebuildNativeTypeToScriptingClass (15ms)
	initialDomainReloadingComplete (28ms)
	LoadAllAssembliesAndSetupDomain (466ms)
		LoadAssemblies (352ms)
		RebuildTransferFunctionScriptingTraits (0ms)
		AnalyzeDomain (210ms)
			TypeCache.Refresh (15ms)
				TypeCache.ScanAssembly (0ms)
			BuildScriptInfoCaches (181ms)
			ResolveRequiredComponents (10ms)
	FinalizeReload (671ms)
		ReleaseScriptCaches (0ms)
		RebuildScriptCaches (0ms)
		SetupLoadedEditorAssemblies (516ms)
			LogAssemblyErrors (0ms)
			InitializePlatformSupportModulesInManaged (2ms)
			SetLoadedEditorAssemblies (3ms)
			BeforeProcessingInitializeOnLoad (140ms)
			ProcessInitializeOnLoadAttributes (304ms)
			ProcessInitializeOnLoadMethodAttributes (62ms)
			AfterProcessingInitializeOnLoad (5ms)
			EditorAssembliesLoaded (0ms)
		ExecutionOrderSort2 (0ms)
		AwakeInstancesAfterBackupRestoration (14ms)
Refreshing native plugins compatible for Editor in 1.33 ms, found 4 plugins.
Preloading 0 native plugins for Editor in 0.00 ms.
Unloading 16 Unused Serialized files (Serialized files now loaded: 0)
Unloading 6435 unused Assets / (3.3 MB). Loaded Objects now: 7275.
Memory consumption went from 157.8 MB to 154.5 MB.
Total: 7.092400 ms (FindLiveObjects: 0.826800 ms CreateObjectMapping: 0.290000 ms MarkObjects: 4.362900 ms  DeleteObjects: 1.612000 ms)

Prepare: number of updated asset objects reloaded= 0
========================================================================
Received Import Request.
  Time since last request: 4.908219 seconds.
  path: Assets/Class 03th (User Interface)/Scripts/MainMenu.cs
  artifactKey: Guid(49f893895acc5f94eb5f2d41544bfa13) Importer(815301076,1909f56bfc062723c751e8b465ee728b)
Start importing Assets/Class 03th (User Interface)/Scripts/MainMenu.cs using Guid(49f893895acc5f94eb5f2d41544bfa13) Importer(815301076,1909f56bfc062723c751e8b465ee728b) (PreviewImporter) -> (artifact id: 'cac6cf6c1f8494a7b6b361395938d0ef') in 0.005217 seconds
Number of updated asset objects reloaded before import = 0Number of asset objects unloaded after import = 0

========================================================================
Received Prepare
Refreshing native plugins compatible for Editor in 1.69 ms, found 4 plugins.
Preloading 0 native plugins for Editor in 0.00 ms.
Unloading 16 Unused Serialized files (Serialized files now loaded: 0)
Unloading 6424 unused Assets / (3.7 MB). Loaded Objects now: 7275.
Memory consumption went from 158.0 MB to 154.2 MB.
Total: 8.800900 ms (FindLiveObjects: 0.905300 ms CreateObjectMapping: 0.365800 ms MarkObjects: 5.564800 ms  DeleteObjects: 1.964200 ms)

Prepare: number of updated asset objects reloaded= 0
========================================================================
Received Prepare
Begin MonoManager ReloadAssembly
[Licensing::Client] Successfully resolved entitlement details
- Loaded All Assemblies, in  0.769 seconds
Refreshing native plugins compatible for Editor in 1.29 ms, found 4 plugins.
Native extension for WindowsStandalone target not found
[Package Manager] Failed to launch server process. Reason: Unity was launched with the -noUpm command-line argument
[Package Manager] Unable to send message (not connected to server process).
[Package Manager] Cannot connect to Unity Package Manager local server
[Package Manager] Failed to launch server process. Reason: Unity was launched with the -noUpm command-line argument
[Package Manager] Unable to send message (not connected to server process).
[Package Manager] Cannot connect to Unity Package Manager local server
ScheduleIndexationOnStartup MainProcess:False IndexOnStartup:True
Mono: successfully reloaded assembly
- Finished resetting the current domain, in  0.657 seconds
Domain Reload Profiling: 1427ms
	BeginReloadAssembly (210ms)
		ExecutionOrderSort (0ms)
		DisableScriptedObjects (6ms)
		BackupInstance (0ms)
		ReleaseScriptingObjects (0ms)
		CreateAndSetChildDomain (43ms)
	RebuildCommonClasses (36ms)
	RebuildNativeTypeToScriptingClass (15ms)
	initialDomainReloadingComplete (29ms)
	LoadAllAssembliesAndSetupDomain (479ms)
		LoadAssemblies (375ms)
		RebuildTransferFunctionScriptingTraits (0ms)
		AnalyzeDomain (206ms)
			TypeCache.Refresh (11ms)
				TypeCache.ScanAssembly (0ms)
			BuildScriptInfoCaches (180ms)
			ResolveRequiredComponents (10ms)
	FinalizeReload (658ms)
		ReleaseScriptCaches (0ms)
		RebuildScriptCaches (0ms)
		SetupLoadedEditorAssemblies (503ms)
			LogAssemblyErrors (0ms)
			InitializePlatformSupportModulesInManaged (2ms)
			SetLoadedEditorAssemblies (3ms)
			BeforeProcessingInitializeOnLoad (133ms)
			ProcessInitializeOnLoadAttributes (300ms)
			ProcessInitializeOnLoadMethodAttributes (61ms)
			AfterProcessingInitializeOnLoad (5ms)
			EditorAssembliesLoaded (0ms)
		ExecutionOrderSort2 (0ms)
		AwakeInstancesAfterBackupRestoration (14ms)
Refreshing native plugins compatible for Editor in 1.35 ms, found 4 plugins.
Preloading 0 native plugins for Editor in 0.00 ms.
Unloading 16 Unused Serialized files (Serialized files now loaded: 0)
Unloading 6435 unused Assets / (3.5 MB). Loaded Objects now: 7278.
Memory consumption went from 157.8 MB to 154.3 MB.
Total: 7.008000 ms (FindLiveObjects: 0.757800 ms CreateObjectMapping: 0.290700 ms MarkObjects: 4.373100 ms  DeleteObjects: 1.585700 ms)

Prepare: number of updated asset objects reloaded= 0
========================================================================
Received Prepare
Refreshing native plugins compatible for Editor in 1.49 ms, found 4 plugins.
Preloading 0 native plugins for Editor in 0.00 ms.
Unloading 16 Unused Serialized files (Serialized files now loaded: 0)
Unloading 6424 unused Assets / (3.6 MB). Loaded Objects now: 7278.
Memory consumption went from 158.0 MB to 154.4 MB.
Total: 7.667300 ms (FindLiveObjects: 0.836100 ms CreateObjectMapping: 0.305900 ms MarkObjects: 4.649500 ms  DeleteObjects: 1.873900 ms)

Prepare: number of updated asset objects reloaded= 0
========================================================================
Received Prepare
Begin MonoManager ReloadAssembly
[Licensing::Client] Successfully resolved entitlement details
- Loaded All Assemblies, in  0.782 seconds
Refreshing native plugins compatible for Editor in 1.35 ms, found 4 plugins.
Native extension for WindowsStandalone target not found
[Package Manager] Failed to launch server process. Reason: Unity was launched with the -noUpm command-line argument
[Package Manager] Unable to send message (not connected to server process).
[Package Manager] Cannot connect to Unity Package Manager local server
[Package Manager] Failed to launch server process. Reason: Unity was launched with the -noUpm command-line argument
[Package Manager] Unable to send message (not connected to server process).
[Package Manager] Cannot connect to Unity Package Manager local server
ScheduleIndexationOnStartup MainProcess:False IndexOnStartup:True
Mono: successfully reloaded assembly
- Finished resetting the current domain, in  0.662 seconds
Domain Reload Profiling: 1444ms
	BeginReloadAssembly (201ms)
		ExecutionOrderSort (0ms)
		DisableScriptedObjects (6ms)
		BackupInstance (0ms)
		ReleaseScriptingObjects (0ms)
		CreateAndSetChildDomain (43ms)
	RebuildCommonClasses (35ms)
	RebuildNativeTypeToScriptingClass (15ms)
	initialDomainReloadingComplete (28ms)
	LoadAllAssembliesAndSetupDomain (503ms)
		LoadAssemblies (387ms)
		RebuildTransferFunctionScriptingTraits (0ms)
		AnalyzeDomain (210ms)
			TypeCache.Refresh (15ms)
				TypeCache.ScanAssembly (0ms)
			BuildScriptInfoCaches (181ms)
			ResolveRequiredComponents (9ms)
	FinalizeReload (662ms)
		ReleaseScriptCaches (0ms)
		RebuildScriptCaches (0ms)
		SetupLoadedEditorAssemblies (509ms)
			LogAssemblyErrors (0ms)
			InitializePlatformSupportModulesInManaged (2ms)
			SetLoadedEditorAssemblies (3ms)
			BeforeProcessingInitializeOnLoad (133ms)
			ProcessInitializeOnLoadAttributes (305ms)
			ProcessInitializeOnLoadMethodAttributes (62ms)
			AfterProcessingInitializeOnLoad (5ms)
			EditorAssembliesLoaded (0ms)
		ExecutionOrderSort2 (0ms)
		AwakeInstancesAfterBackupRestoration (15ms)
Refreshing native plugins compatible for Editor in 1.36 ms, found 4 plugins.
Preloading 0 native plugins for Editor in 0.00 ms.
Unloading 16 Unused Serialized files (Serialized files now loaded: 0)
Unloading 6435 unused Assets / (3.7 MB). Loaded Objects now: 7281.
Memory consumption went from 157.9 MB to 154.1 MB.
Total: 7.479600 ms (FindLiveObjects: 0.787500 ms CreateObjectMapping: 0.320900 ms MarkObjects: 4.579100 ms  DeleteObjects: 1.791200 ms)

Prepare: number of updated asset objects reloaded= 0
========================================================================
Received Prepare
Refreshing native plugins compatible for Editor in 1.76 ms, found 4 plugins.
Preloading 0 native plugins for Editor in 0.00 ms.
Unloading 16 Unused Serialized files (Serialized files now loaded: 0)
Unloading 6424 unused Assets / (3.9 MB). Loaded Objects now: 7281.
Memory consumption went from 158.0 MB to 154.2 MB.
Total: 7.973300 ms (FindLiveObjects: 0.845100 ms CreateObjectMapping: 0.292800 ms MarkObjects: 4.763500 ms  DeleteObjects: 2.070700 ms)

Prepare: number of updated asset objects reloaded= 0
========================================================================
Received Prepare
Begin MonoManager ReloadAssembly
[Licensing::Client] Successfully resolved entitlement details
- Loaded All Assemblies, in  0.753 seconds
Refreshing native plugins compatible for Editor in 1.33 ms, found 4 plugins.
Native extension for WindowsStandalone target not found
[Package Manager] Failed to launch server process. Reason: Unity was launched with the -noUpm command-line argument
[Package Manager] Unable to send message (not connected to server process).
[Package Manager] Cannot connect to Unity Package Manager local server
[Package Manager] Failed to launch server process. Reason: Unity was launched with the -noUpm command-line argument
[Package Manager] Unable to send message (not connected to server process).
[Package Manager] Cannot connect to Unity Package Manager local server
ScheduleIndexationOnStartup MainProcess:False IndexOnStartup:True
Mono: successfully reloaded assembly
- Finished resetting the current domain, in  0.654 seconds
Domain Reload Profiling: 1407ms
	BeginReloadAssembly (204ms)
		ExecutionOrderSort (0ms)
		DisableScriptedObjects (6ms)
		BackupInstance (0ms)
		ReleaseScriptingObjects (0ms)
		CreateAndSetChildDomain (42ms)
	RebuildCommonClasses (35ms)
	RebuildNativeTypeToScriptingClass (15ms)
	initialDomainReloadingComplete (28ms)
	LoadAllAssembliesAndSetupDomain (470ms)
		LoadAssemblies (359ms)
		RebuildTransferFunctionScriptingTraits (0ms)
		AnalyzeDomain (210ms)
			TypeCache.Refresh (14ms)
				TypeCache.ScanAssembly (0ms)
			BuildScriptInfoCaches (181ms)
			ResolveRequiredComponents (10ms)
	FinalizeReload (654ms)
		ReleaseScriptCaches (0ms)
		RebuildScriptCaches (0ms)
		SetupLoadedEditorAssemblies (503ms)
			LogAssemblyErrors (0ms)
			InitializePlatformSupportModulesInManaged (2ms)
			SetLoadedEditorAssemblies (3ms)
			BeforeProcessingInitializeOnLoad (135ms)
			ProcessInitializeOnLoadAttributes (296ms)
			ProcessInitializeOnLoadMethodAttributes (63ms)
			AfterProcessingInitializeOnLoad (5ms)
			EditorAssembliesLoaded (0ms)
		ExecutionOrderSort2 (0ms)
		AwakeInstancesAfterBackupRestoration (14ms)
Refreshing native plugins compatible for Editor in 1.36 ms, found 4 plugins.
Preloading 0 native plugins for Editor in 0.00 ms.
Unloading 16 Unused Serialized files (Serialized files now loaded: 0)
Unloading 6435 unused Assets / (3.4 MB). Loaded Objects now: 7284.
Memory consumption went from 157.9 MB to 154.5 MB.
Total: 7.221000 ms (FindLiveObjects: 0.769700 ms CreateObjectMapping: 0.327500 ms MarkObjects: 4.403600 ms  DeleteObjects: 1.719400 ms)

Prepare: number of updated asset objects reloaded= 0
========================================================================
Received Prepare
Refreshing native plugins compatible for Editor in 1.43 ms, found 4 plugins.
Preloading 0 native plugins for Editor in 0.00 ms.
Unloading 16 Unused Serialized files (Serialized files now loaded: 0)
Unloading 6424 unused Assets / (3.7 MB). Loaded Objects now: 7284.
Memory consumption went from 158.1 MB to 154.4 MB.
Total: 7.990900 ms (FindLiveObjects: 0.857600 ms CreateObjectMapping: 0.374300 ms MarkObjects: 4.898800 ms  DeleteObjects: 1.859400 ms)

Prepare: number of updated asset objects reloaded= 0
========================================================================
Received Prepare
Begin MonoManager ReloadAssembly
[Licensing::Client] Successfully resolved entitlement details
- Loaded All Assemblies, in  0.769 seconds
Refreshing native plugins compatible for Editor in 1.47 ms, found 4 plugins.
Native extension for WindowsStandalone target not found
[Package Manager] Failed to launch server process. Reason: Unity was launched with the -noUpm command-line argument
[Package Manager] Unable to send message (not connected to server process).
[Package Manager] Cannot connect to Unity Package Manager local server
[Package Manager] Failed to launch server process. Reason: Unity was launched with the -noUpm command-line argument
[Package Manager] Unable to send message (not connected to server process).
[Package Manager] Cannot connect to Unity Package Manager local server
ScheduleIndexationOnStartup MainProcess:False IndexOnStartup:True
Mono: successfully reloaded assembly
- Finished resetting the current domain, in  0.659 seconds
Domain Reload Profiling: 1427ms
	BeginReloadAssembly (202ms)
		ExecutionOrderSort (0ms)
		DisableScriptedObjects (6ms)
		BackupInstance (0ms)
		ReleaseScriptingObjects (0ms)
		CreateAndSetChildDomain (41ms)
	RebuildCommonClasses (35ms)
	RebuildNativeTypeToScriptingClass (15ms)
	initialDomainReloadingComplete (29ms)
	LoadAllAssembliesAndSetupDomain (487ms)
		LoadAssemblies (362ms)
		RebuildTransferFunctionScriptingTraits (0ms)
		AnalyzeDomain (221ms)
			TypeCache.Refresh (15ms)
				TypeCache.ScanAssembly (0ms)
			BuildScriptInfoCaches (187ms)
			ResolveRequiredComponents (15ms)
	FinalizeReload (659ms)
		ReleaseScriptCaches (0ms)
		RebuildScriptCaches (0ms)
		SetupLoadedEditorAssemblies (506ms)
			LogAssemblyErrors (0ms)
			InitializePlatformSupportModulesInManaged (2ms)
			SetLoadedEditorAssemblies (3ms)
			BeforeProcessingInitializeOnLoad (137ms)
			ProcessInitializeOnLoadAttributes (297ms)
			ProcessInitializeOnLoadMethodAttributes (61ms)
			AfterProcessingInitializeOnLoad (5ms)
			EditorAssembliesLoaded (0ms)
		ExecutionOrderSort2 (0ms)
		AwakeInstancesAfterBackupRestoration (14ms)
Refreshing native plugins compatible for Editor in 1.34 ms, found 4 plugins.
Preloading 0 native plugins for Editor in 0.00 ms.
Unloading 16 Unused Serialized files (Serialized files now loaded: 0)
Unloading 6435 unused Assets / (3.0 MB). Loaded Objects now: 7287.
Memory consumption went from 158.0 MB to 154.9 MB.
Total: 6.964000 ms (FindLiveObjects: 0.771100 ms CreateObjectMapping: 0.309700 ms MarkObjects: 4.431400 ms  DeleteObjects: 1.451100 ms)

Prepare: number of updated asset objects reloaded= 0
========================================================================
Received Prepare
Refreshing native plugins compatible for Editor in 1.37 ms, found 4 plugins.
Preloading 0 native plugins for Editor in 0.00 ms.
Unloading 16 Unused Serialized files (Serialized files now loaded: 0)
Unloading 6424 unused Assets / (3.8 MB). Loaded Objects now: 7287.
Memory consumption went from 158.1 MB to 154.3 MB.
Total: 8.485100 ms (FindLiveObjects: 0.870400 ms CreateObjectMapping: 0.337800 ms MarkObjects: 5.196000 ms  DeleteObjects: 2.079900 ms)

Prepare: number of updated asset objects reloaded= 0
========================================================================
Received Prepare
Begin MonoManager ReloadAssembly
[Licensing::Client] Successfully resolved entitlement details
- Loaded All Assemblies, in  0.763 seconds
Refreshing native plugins compatible for Editor in 1.20 ms, found 4 plugins.
Native extension for WindowsStandalone target not found
[Package Manager] Failed to launch server process. Reason: Unity was launched with the -noUpm command-line argument
[Package Manager] Unable to send message (not connected to server process).
[Package Manager] Cannot connect to Unity Package Manager local server
[Package Manager] Failed to launch server process. Reason: Unity was launched with the -noUpm command-line argument
[Package Manager] Unable to send message (not connected to server process).
[Package Manager] Cannot connect to Unity Package Manager local server
ScheduleIndexationOnStartup MainProcess:False IndexOnStartup:True
Mono: successfully reloaded assembly
- Finished resetting the current domain, in  0.662 seconds
Domain Reload Profiling: 1424ms
	BeginReloadAssembly (207ms)
		ExecutionOrderSort (0ms)
		DisableScriptedObjects (6ms)
		BackupInstance (0ms)
		ReleaseScriptingObjects (0ms)
		CreateAndSetChildDomain (44ms)
	RebuildCommonClasses (35ms)
	RebuildNativeTypeToScriptingClass (15ms)
	initialDomainReloadingComplete (29ms)
	LoadAllAssembliesAndSetupDomain (476ms)
		LoadAssemblies (364ms)
		RebuildTransferFunctionScriptingTraits (0ms)
		AnalyzeDomain (211ms)
			TypeCache.Refresh (13ms)
				TypeCache.ScanAssembly (0ms)
			BuildScriptInfoCaches (183ms)
			ResolveRequiredComponents (10ms)
	FinalizeReload (662ms)
		ReleaseScriptCaches (0ms)
		RebuildScriptCaches (0ms)
		SetupLoadedEditorAssemblies (510ms)
			LogAssemblyErrors (0ms)
			InitializePlatformSupportModulesInManaged (2ms)
			SetLoadedEditorAssemblies (3ms)
			BeforeProcessingInitializeOnLoad (135ms)
			ProcessInitializeOnLoadAttributes (300ms)
			ProcessInitializeOnLoadMethodAttributes (65ms)
			AfterProcessingInitializeOnLoad (5ms)
			EditorAssembliesLoaded (0ms)
		ExecutionOrderSort2 (0ms)
		AwakeInstancesAfterBackupRestoration (15ms)
Refreshing native plugins compatible for Editor in 1.33 ms, found 4 plugins.
Preloading 0 native plugins for Editor in 0.00 ms.
Unloading 16 Unused Serialized files (Serialized files now loaded: 0)
Unloading 6435 unused Assets / (3.4 MB). Loaded Objects now: 7290.
Memory consumption went from 158.0 MB to 154.6 MB.
Total: 7.293400 ms (FindLiveObjects: 0.797200 ms CreateObjectMapping: 0.292300 ms MarkObjects: 4.723800 ms  DeleteObjects: 1.478900 ms)

Prepare: number of updated asset objects reloaded= 0
========================================================================
Received Prepare
Begin MonoManager ReloadAssembly
[Licensing::Client] Successfully resolved entitlement details
- Loaded All Assemblies, in  0.756 seconds
Refreshing native plugins compatible for Editor in 1.52 ms, found 4 plugins.
Native extension for WindowsStandalone target not found
[Package Manager] Failed to launch server process. Reason: Unity was launched with the -noUpm command-line argument
[Package Manager] Unable to send message (not connected to server process).
[Package Manager] Cannot connect to Unity Package Manager local server
[Package Manager] Failed to launch server process. Reason: Unity was launched with the -noUpm command-line argument
[Package Manager] Unable to send message (not connected to server process).
[Package Manager] Cannot connect to Unity Package Manager local server
ScheduleIndexationOnStartup MainProcess:False IndexOnStartup:True
Mono: successfully reloaded assembly
- Finished resetting the current domain, in  0.785 seconds
Domain Reload Profiling: 1541ms
	BeginReloadAssembly (209ms)
		ExecutionOrderSort (0ms)
		DisableScriptedObjects (6ms)
		BackupInstance (0ms)
		ReleaseScriptingObjects (0ms)
		CreateAndSetChildDomain (45ms)
	RebuildCommonClasses (35ms)
	RebuildNativeTypeToScriptingClass (15ms)
	initialDomainReloadingComplete (30ms)
	LoadAllAssembliesAndSetupDomain (466ms)
		LoadAssemblies (356ms)
		RebuildTransferFunctionScriptingTraits (0ms)
		AnalyzeDomain (208ms)
			TypeCache.Refresh (12ms)
				TypeCache.ScanAssembly (0ms)
			BuildScriptInfoCaches (181ms)
			ResolveRequiredComponents (10ms)
	FinalizeReload (785ms)
		ReleaseScriptCaches (0ms)
		RebuildScriptCaches (0ms)
		SetupLoadedEditorAssemblies (610ms)
			LogAssemblyErrors (0ms)
			InitializePlatformSupportModulesInManaged (2ms)
			SetLoadedEditorAssemblies (4ms)
			BeforeProcessingInitializeOnLoad (163ms)
			ProcessInitializeOnLoadAttributes (360ms)
			ProcessInitializeOnLoadMethodAttributes (76ms)
			AfterProcessingInitializeOnLoad (6ms)
			EditorAssembliesLoaded (0ms)
		ExecutionOrderSort2 (0ms)
		AwakeInstancesAfterBackupRestoration (17ms)
Refreshing native plugins compatible for Editor in 1.30 ms, found 4 plugins.
Preloading 0 native plugins for Editor in 0.00 ms.
Unloading 16 Unused Serialized files (Serialized files now loaded: 0)
Unloading 6435 unused Assets / (3.4 MB). Loaded Objects now: 7293.
Memory consumption went from 158.0 MB to 154.6 MB.
Total: 7.278100 ms (FindLiveObjects: 0.768500 ms CreateObjectMapping: 0.317200 ms MarkObjects: 4.534100 ms  DeleteObjects: 1.657300 ms)

Prepare: number of updated asset objects reloaded= 0
========================================================================
Received Prepare
Begin MonoManager ReloadAssembly
- Loaded All Assemblies, in  0.729 seconds
Refreshing native plugins compatible for Editor in 1.17 ms, found 4 plugins.
Native extension for WindowsStandalone target not found
[Package Manager] Failed to launch server process. Reason: Unity was launched with the -noUpm command-line argument
[Package Manager] Unable to send message (not connected to server process).
[Package Manager] Cannot connect to Unity Package Manager local server
[Package Manager] Failed to launch server process. Reason: Unity was launched with the -noUpm command-line argument
[Package Manager] Unable to send message (not connected to server process).
[Package Manager] Cannot connect to Unity Package Manager local server
ScheduleIndexationOnStartup MainProcess:False IndexOnStartup:True
Mono: successfully reloaded assembly
- Finished resetting the current domain, in  0.786 seconds
Domain Reload Profiling: 1515ms
	BeginReloadAssembly (203ms)
		ExecutionOrderSort (0ms)
		DisableScriptedObjects (6ms)
		BackupInstance (0ms)
		ReleaseScriptingObjects (0ms)
		CreateAndSetChildDomain (41ms)
	RebuildCommonClasses (35ms)
	RebuildNativeTypeToScriptingClass (15ms)
	initialDomainReloadingComplete (28ms)
	LoadAllAssembliesAndSetupDomain (448ms)
		LoadAssemblies (344ms)
		RebuildTransferFunctionScriptingTraits (0ms)
		AnalyzeDomain (203ms)
			TypeCache.Refresh (10ms)
				TypeCache.ScanAssembly (0ms)
			BuildScriptInfoCaches (180ms)
			ResolveRequiredComponents (10ms)
	FinalizeReload (786ms)
		ReleaseScriptCaches (0ms)
		RebuildScriptCaches (0ms)
		SetupLoadedEditorAssemblies (602ms)
			LogAssemblyErrors (0ms)
			InitializePlatformSupportModulesInManaged (2ms)
			SetLoadedEditorAssemblies (4ms)
			BeforeProcessingInitializeOnLoad (162ms)
			ProcessInitializeOnLoadAttributes (353ms)
			ProcessInitializeOnLoadMethodAttributes (74ms)
			AfterProcessingInitializeOnLoad (7ms)
			EditorAssembliesLoaded (0ms)
		ExecutionOrderSort2 (0ms)
		AwakeInstancesAfterBackupRestoration (17ms)
Refreshing native plugins compatible for Editor in 1.97 ms, found 4 plugins.
Preloading 0 native plugins for Editor in 0.00 ms.
Unloading 16 Unused Serialized files (Serialized files now loaded: 0)
Unloading 6435 unused Assets / (3.9 MB). Loaded Objects now: 7296.
Memory consumption went from 158.1 MB to 154.2 MB.
Total: 8.634200 ms (FindLiveObjects: 0.861100 ms CreateObjectMapping: 0.510700 ms MarkObjects: 5.125300 ms  DeleteObjects: 2.135800 ms)

Prepare: number of updated asset objects reloaded= 0
========================================================================
Received Prepare
Begin MonoManager ReloadAssembly
- Loaded All Assemblies, in  0.729 seconds
Refreshing native plugins compatible for Editor in 1.25 ms, found 4 plugins.
Native extension for WindowsStandalone target not found
[Package Manager] Failed to launch server process. Reason: Unity was launched with the -noUpm command-line argument
[Package Manager] Unable to send message (not connected to server process).
[Package Manager] Cannot connect to Unity Package Manager local server
[Package Manager] Failed to launch server process. Reason: Unity was launched with the -noUpm command-line argument
[Package Manager] Unable to send message (not connected to server process).
[Package Manager] Cannot connect to Unity Package Manager local server
ScheduleIndexationOnStartup MainProcess:False IndexOnStartup:True
Mono: successfully reloaded assembly
- Finished resetting the current domain, in  0.754 seconds
Domain Reload Profiling: 1483ms
	BeginReloadAssembly (201ms)
		ExecutionOrderSort (0ms)
		DisableScriptedObjects (6ms)
		BackupInstance (0ms)
		ReleaseScriptingObjects (0ms)
		CreateAndSetChildDomain (40ms)
	RebuildCommonClasses (36ms)
	RebuildNativeTypeToScriptingClass (15ms)
	initialDomainReloadingComplete (29ms)
	LoadAllAssembliesAndSetupDomain (447ms)
		LoadAssemblies (343ms)
		RebuildTransferFunctionScriptingTraits (0ms)
		AnalyzeDomain (201ms)
			TypeCache.Refresh (10ms)
				TypeCache.ScanAssembly (0ms)
			BuildScriptInfoCaches (177ms)
			ResolveRequiredComponents (9ms)
	FinalizeReload (755ms)
		ReleaseScriptCaches (0ms)
		RebuildScriptCaches (0ms)
		SetupLoadedEditorAssemblies (590ms)
			LogAssemblyErrors (0ms)
			InitializePlatformSupportModulesInManaged (2ms)
			SetLoadedEditorAssemblies (4ms)
			BeforeProcessingInitializeOnLoad (153ms)
			ProcessInitializeOnLoadAttributes (351ms)
			ProcessInitializeOnLoadMethodAttributes (74ms)
			AfterProcessingInitializeOnLoad (6ms)
			EditorAssembliesLoaded (0ms)
		ExecutionOrderSort2 (0ms)
		AwakeInstancesAfterBackupRestoration (17ms)
Refreshing native plugins compatible for Editor in 1.82 ms, found 4 plugins.
Preloading 0 native plugins for Editor in 0.00 ms.
Unloading 16 Unused Serialized files (Serialized files now loaded: 0)
Unloading 6435 unused Assets / (3.9 MB). Loaded Objects now: 7299.
Memory consumption went from 158.1 MB to 154.2 MB.
Total: 8.499600 ms (FindLiveObjects: 1.074800 ms CreateObjectMapping: 0.358000 ms MarkObjects: 4.942200 ms  DeleteObjects: 2.123400 ms)

Prepare: number of updated asset objects reloaded= 0
========================================================================
Received Prepare
Begin MonoManager ReloadAssembly
[Licensing::Client] Successfully resolved entitlement details
- Loaded All Assemblies, in  0.744 seconds
Refreshing native plugins compatible for Editor in 1.12 ms, found 4 plugins.
Native extension for WindowsStandalone target not found
[Package Manager] Failed to launch server process. Reason: Unity was launched with the -noUpm command-line argument
[Package Manager] Unable to send message (not connected to server process).
[Package Manager] Cannot connect to Unity Package Manager local server
[Package Manager] Failed to launch server process. Reason: Unity was launched with the -noUpm command-line argument
[Package Manager] Unable to send message (not connected to server process).
[Package Manager] Cannot connect to Unity Package Manager local server
ScheduleIndexationOnStartup MainProcess:False IndexOnStartup:True
Mono: successfully reloaded assembly
- Finished resetting the current domain, in  0.744 seconds
Domain Reload Profiling: 1488ms
	BeginReloadAssembly (200ms)
		ExecutionOrderSort (0ms)
		DisableScriptedObjects (6ms)
		BackupInstance (0ms)
		ReleaseScriptingObjects (0ms)
		CreateAndSetChildDomain (41ms)
	RebuildCommonClasses (35ms)
	RebuildNativeTypeToScriptingClass (15ms)
	initialDomainReloadingComplete (29ms)
	LoadAllAssembliesAndSetupDomain (465ms)
		LoadAssemblies (349ms)
		RebuildTransferFunctionScriptingTraits (0ms)
		AnalyzeDomain (209ms)
			TypeCache.Refresh (12ms)
				TypeCache.ScanAssembly (0ms)
			BuildScriptInfoCaches (178ms)
			ResolveRequiredComponents (15ms)
	FinalizeReload (744ms)
		ReleaseScriptCaches (0ms)
		RebuildScriptCaches (0ms)
		SetupLoadedEditorAssemblies (583ms)
			LogAssemblyErrors (0ms)
			InitializePlatformSupportModulesInManaged (2ms)
			SetLoadedEditorAssemblies (4ms)
			BeforeProcessingInitializeOnLoad (140ms)
			ProcessInitializeOnLoadAttributes (356ms)
			ProcessInitializeOnLoadMethodAttributes (75ms)
			AfterProcessingInitializeOnLoad (7ms)
			EditorAssembliesLoaded (0ms)
		ExecutionOrderSort2 (0ms)
		AwakeInstancesAfterBackupRestoration (17ms)
Refreshing native plugins compatible for Editor in 1.86 ms, found 4 plugins.
Preloading 0 native plugins for Editor in 0.00 ms.
Unloading 16 Unused Serialized files (Serialized files now loaded: 0)
Unloading 6435 unused Assets / (3.8 MB). Loaded Objects now: 7302.
Memory consumption went from 158.2 MB to 154.4 MB.
Total: 8.167700 ms (FindLiveObjects: 0.889000 ms CreateObjectMapping: 0.409800 ms MarkObjects: 4.796800 ms  DeleteObjects: 2.071100 ms)

Prepare: number of updated asset objects reloaded= 0
========================================================================
Received Prepare
Begin MonoManager ReloadAssembly
[Licensing::Client] Successfully resolved entitlement details
- Loaded All Assemblies, in  2.064 seconds
Refreshing native plugins compatible for Editor in 1.67 ms, found 4 plugins.
Native extension for WindowsStandalone target not found
[Package Manager] Failed to launch server process. Reason: Unity was launched with the -noUpm command-line argument
[Package Manager] Unable to send message (not connected to server process).
[Package Manager] Cannot connect to Unity Package Manager local server
[Package Manager] Failed to launch server process. Reason: Unity was launched with the -noUpm command-line argument
[Package Manager] Unable to send message (not connected to server process).
[Package Manager] Cannot connect to Unity Package Manager local server
ScheduleIndexationOnStartup MainProcess:False IndexOnStartup:True
Mono: successfully reloaded assembly
- Finished resetting the current domain, in  0.788 seconds
Domain Reload Profiling: 2852ms
	BeginReloadAssembly (339ms)
		ExecutionOrderSort (0ms)
		DisableScriptedObjects (6ms)
		BackupInstance (0ms)
		ReleaseScriptingObjects (0ms)
		CreateAndSetChildDomain (38ms)
	RebuildCommonClasses (93ms)
	RebuildNativeTypeToScriptingClass (15ms)
	initialDomainReloadingComplete (29ms)
	LoadAllAssembliesAndSetupDomain (1588ms)
		LoadAssemblies (1531ms)
		RebuildTransferFunctionScriptingTraits (0ms)
		AnalyzeDomain (293ms)
			TypeCache.Refresh (12ms)
				TypeCache.ScanAssembly (0ms)
			BuildScriptInfoCaches (264ms)
			ResolveRequiredComponents (11ms)
	FinalizeReload (789ms)
		ReleaseScriptCaches (0ms)
		RebuildScriptCaches (0ms)
		SetupLoadedEditorAssemblies (604ms)
			LogAssemblyErrors (0ms)
			InitializePlatformSupportModulesInManaged (2ms)
			SetLoadedEditorAssemblies (4ms)
			BeforeProcessingInitializeOnLoad (166ms)
			ProcessInitializeOnLoadAttributes (352ms)
			ProcessInitializeOnLoadMethodAttributes (72ms)
			AfterProcessingInitializeOnLoad (7ms)
			EditorAssembliesLoaded (0ms)
		ExecutionOrderSort2 (0ms)
		AwakeInstancesAfterBackupRestoration (17ms)
Refreshing native plugins compatible for Editor in 1.76 ms, found 4 plugins.
Preloading 0 native plugins for Editor in 0.00 ms.
Unloading 16 Unused Serialized files (Serialized files now loaded: 0)
Unloading 6435 unused Assets / (4.0 MB). Loaded Objects now: 7305.
Memory consumption went from 158.2 MB to 154.3 MB.
Total: 8.280900 ms (FindLiveObjects: 0.862700 ms CreateObjectMapping: 0.469600 ms MarkObjects: 4.735900 ms  DeleteObjects: 2.211800 ms)

Prepare: number of updated asset objects reloaded= 0
========================================================================
Received Import Request.
  Time since last request: 2526.914749 seconds.
  path: Assets/Class 03th (User Interface)/Scripts/MainMenu.cs
  artifactKey: Guid(49f893895acc5f94eb5f2d41544bfa13) Importer(2089858483,b0f066a214c2f5e87bad3c948f4d605d)
Start importing Assets/Class 03th (User Interface)/Scripts/MainMenu.cs using Guid(49f893895acc5f94eb5f2d41544bfa13) Importer(2089858483,b0f066a214c2f5e87bad3c948f4d605d) (ScriptedImporter) -> (artifact id: 'd6962c8b46d77879d62580da89153eaf') in 0.160117 seconds
Number of updated asset objects reloaded before import = 0Number of asset objects unloaded after import = 0

========================================================================
Received Import Request.
  Time since last request: 201.955142 seconds.
  path: Assets/Class 02th (Script)/Zombie
  artifactKey: Guid(0f62ab3d42a4ca241988cb60cb265555) Importer(815301076,1909f56bfc062723c751e8b465ee728b)
Start importing Assets/Class 02th (Script)/Zombie using Guid(0f62ab3d42a4ca241988cb60cb265555) Importer(815301076,1909f56bfc062723c751e8b465ee728b) (PreviewImporter) -> (artifact id: 'c64580170afca6eead2813e5285fbf04') in 0.0005354 seconds
Number of updated asset objects reloaded before import = 0Number of asset objects unloaded after import = 0

========================================================================
Received Import Request.
  Time since last request: 36.131878 seconds.
  path: Assets/Class 03th (User Interface)/Sprites
  artifactKey: Guid(8dbc5cccbf8ffb745b645822a1dfbb03) Importer(815301076,1909f56bfc062723c751e8b465ee728b)
Start importing Assets/Class 03th (User Interface)/Sprites using Guid(8dbc5cccbf8ffb745b645822a1dfbb03) Importer(815301076,1909f56bfc062723c751e8b465ee728b) (PreviewImporter) -> (artifact id: '06ee41a9f38d9ce63030ad6965e75d79') in 0.0005 seconds
Number of updated asset objects reloaded before import = 0Number of asset objects unloaded after import = 0

========================================================================
Received Import Request.
  Time since last request: 0.000015 seconds.
  path: Assets/Class 03th (User Interface)/Scenes/Class 03th (User Interface).unity
  artifactKey: Guid(0e806e0f125865945b806567320ed78f) Importer(815301076,1909f56bfc062723c751e8b465ee728b)
Start importing Assets/Class 03th (User Interface)/Scenes/Class 03th (User Interface).unity using Guid(0e806e0f125865945b806567320ed78f) Importer(815301076,1909f56bfc062723c751e8b465ee728b) (PreviewImporter) -> (artifact id: 'a1760511292f0bf41f354a940ae0e05b') in 0.0004803 seconds
Number of updated asset objects reloaded before import = 0Number of asset objects unloaded after import = 0

========================================================================
Received Import Request.
  Time since last request: 0.000014 seconds.
  path: Assets/Class 03th (User Interface)/Scripts/MainMenu.cs
  artifactKey: Guid(49f893895acc5f94eb5f2d41544bfa13) Importer(815301076,1909f56bfc062723c751e8b465ee728b)
Start importing Assets/Class 03th (User Interface)/Scripts/MainMenu.cs using Guid(49f893895acc5f94eb5f2d41544bfa13) Importer(815301076,1909f56bfc062723c751e8b465ee728b) (PreviewImporter) -> (artifact id: '1d9922e7fbf31595366f276b4459b453') in 0.0004748 seconds
Number of updated asset objects reloaded before import = 0Number of asset objects unloaded after import = 0

========================================================================
Received Import Request.
  Time since last request: 0.000021 seconds.
  path: Assets/Class 03th (User Interface)/Scenes
  artifactKey: Guid(26455025a9a012f4c89e42cf49827ed6) Importer(815301076,1909f56bfc062723c751e8b465ee728b)
Start importing Assets/Class 03th (User Interface)/Scenes using Guid(26455025a9a012f4c89e42cf49827ed6) Importer(815301076,1909f56bfc062723c751e8b465ee728b) (PreviewImporter) -> (artifact id: 'dbb766201bea4d8907015e9639a54eaf') in 0.0004907 seconds
Number of updated asset objects reloaded before import = 0Number of asset objects unloaded after import = 0

========================================================================
Received Import Request.
  Time since last request: 142.975782 seconds.
  path: Assets/Class 04th (Animation)
  artifactKey: Guid(c96af08ef2543aa49aca36e91d899f2b) Importer(815301076,1909f56bfc062723c751e8b465ee728b)
Start importing Assets/Class 04th (Animation) using Guid(c96af08ef2543aa49aca36e91d899f2b) Importer(815301076,1909f56bfc062723c751e8b465ee728b) (PreviewImporter) -> (artifact id: '2d13a8efb23563fdd805d88c8412035d') in 0.000493 seconds
Number of updated asset objects reloaded before import = 0Number of asset objects unloaded after import = 0

========================================================================
Received Import Request.
  Time since last request: 0.941420 seconds.
  path: Assets/Class 04th (Animation)
  artifactKey: Guid(c96af08ef2543aa49aca36e91d899f2b) Importer(2089858483,b0f066a214c2f5e87bad3c948f4d605d)
Start importing Assets/Class 04th (Animation) using Guid(c96af08ef2543aa49aca36e91d899f2b) Importer(2089858483,b0f066a214c2f5e87bad3c948f4d605d) (ScriptedImporter) -> (artifact id: 'd41e3343fae9b35adb90442a245ac616') in 0.0084412 seconds
Number of updated asset objects reloaded before import = 0Number of asset objects unloaded after import = 1

========================================================================
Received Import Request.
  Time since last request: 22.631036 seconds.
  path: Assets/Class 04th (Animation)/Class 04th (Animation).unity
  artifactKey: Guid(b53f39278e74aee4caa47b4f8b7779ad) Importer(815301076,1909f56bfc062723c751e8b465ee728b)
Start importing Assets/Class 04th (Animation)/Class 04th (Animation).unity using Guid(b53f39278e74aee4caa47b4f8b7779ad) Importer(815301076,1909f56bfc062723c751e8b465ee728b) (PreviewImporter) -> (artifact id: '6858ea7a8a0de37b3d90feb5944f520b') in 0.000528 seconds
Number of updated asset objects reloaded before import = 0Number of asset objects unloaded after import = 0

========================================================================
Received Import Request.
  Time since last request: 0.950000 seconds.
  path: Assets/Class 04th (Animation)/Class 04th (Animation).unity
  artifactKey: Guid(b53f39278e74aee4caa47b4f8b7779ad) Importer(2089858483,b0f066a214c2f5e87bad3c948f4d605d)
Start importing Assets/Class 04th (Animation)/Class 04th (Animation).unity using Guid(b53f39278e74aee4caa47b4f8b7779ad) Importer(2089858483,b0f066a214c2f5e87bad3c948f4d605d) (ScriptedImporter) -> (artifact id: '7f2281bd8b82a165f515296b9d416851') in 0.0083128 seconds
Number of updated asset objects reloaded before import = 0Number of asset objects unloaded after import = 1

========================================================================
Received Import Request.
  Time since last request: 2.928262 seconds.
  path: Assets/Class 03th (User Interface)/Scenes/Class 03th (User Interface).unity
  artifactKey: Guid(0e806e0f125865945b806567320ed78f) Importer(2089858483,b0f066a214c2f5e87bad3c948f4d605d)
Start importing Assets/Class 03th (User Interface)/Scenes/Class 03th (User Interface).unity using Guid(0e806e0f125865945b806567320ed78f) Importer(2089858483,b0f066a214c2f5e87bad3c948f4d605d) (ScriptedImporter) -> (artifact id: '981ea88fe6e73092c6384a298dc56d89') in 0.0093932 seconds
Number of updated asset objects reloaded before import = 0Number of asset objects unloaded after import = 1

========================================================================
Received Import Request.
  Time since last request: 23.139927 seconds.
  path: Assets/Class 04th (Animation)/New Folder
  artifactKey: Guid(c74e5fe78f5a2bd4d8624d10fcc50c83) Importer(815301076,1909f56bfc062723c751e8b465ee728b)
Start importing Assets/Class 04th (Animation)/New Folder using Guid(c74e5fe78f5a2bd4d8624d10fcc50c83) Importer(815301076,1909f56bfc062723c751e8b465ee728b) (PreviewImporter) -> (artifact id: 'c37ceffea065047cee44176c81e7672a') in 0.0004914 seconds
Number of updated asset objects reloaded before import = 0Number of asset objects unloaded after import = 0

========================================================================
Received Import Request.
  Time since last request: 0.948165 seconds.
  path: Assets/Class 04th (Animation)/New Folder
  artifactKey: Guid(c74e5fe78f5a2bd4d8624d10fcc50c83) Importer(2089858483,b0f066a214c2f5e87bad3c948f4d605d)
Start importing Assets/Class 04th (Animation)/New Folder using Guid(c74e5fe78f5a2bd4d8624d10fcc50c83) Importer(2089858483,b0f066a214c2f5e87bad3c948f4d605d) (ScriptedImporter) -> (artifact id: 'e54c04447a09328208c5b8aacb5043be') in 0.0076421 seconds
Number of updated asset objects reloaded before import = 0Number of asset objects unloaded after import = 1

========================================================================
Received Import Request.
  Time since last request: 11.300386 seconds.
  path: Assets/Class 04th (Animation)/Scenes
  artifactKey: Guid(c74e5fe78f5a2bd4d8624d10fcc50c83) Importer(815301076,1909f56bfc062723c751e8b465ee728b)
Start importing Assets/Class 04th (Animation)/Scenes using Guid(c74e5fe78f5a2bd4d8624d10fcc50c83) Importer(815301076,1909f56bfc062723c751e8b465ee728b) (PreviewImporter) -> (artifact id: '2244e9d54828edee07f6f1ac536d48f1') in 0.0005151 seconds
Number of updated asset objects reloaded before import = 0Number of asset objects unloaded after import = 0

========================================================================
Received Import Request.
  Time since last request: 0.952165 seconds.
  path: Assets/Class 04th (Animation)/Scenes
  artifactKey: Guid(c74e5fe78f5a2bd4d8624d10fcc50c83) Importer(2089858483,b0f066a214c2f5e87bad3c948f4d605d)
Start importing Assets/Class 04th (Animation)/Scenes using Guid(c74e5fe78f5a2bd4d8624d10fcc50c83) Importer(2089858483,b0f066a214c2f5e87bad3c948f4d605d) (ScriptedImporter) -> (artifact id: 'f8873f5ff363b8d48794377813c2f2bf') in 0.0072574 seconds
Number of updated asset objects reloaded before import = 0Number of asset objects unloaded after import = 1

========================================================================
Received Import Request.
  Time since last request: 2.493169 seconds.
  path: Assets/Class 04th (Animation)/Scenes/Class 04th (Animation).unity
  artifactKey: Guid(b53f39278e74aee4caa47b4f8b7779ad) Importer(2089858483,b0f066a214c2f5e87bad3c948f4d605d)
Start importing Assets/Class 04th (Animation)/Scenes/Class 04th (Animation).unity using Guid(b53f39278e74aee4caa47b4f8b7779ad) Importer(2089858483,b0f066a214c2f5e87bad3c948f4d605d) (ScriptedImporter) -> (artifact id: '75f5f6b3514cfc3035343a7250b2ad37') in 0.0098864 seconds
Number of updated asset objects reloaded before import = 0Number of asset objects unloaded after import = 1

========================================================================
Received Import Request.
  Time since last request: 336.945493 seconds.
  path: Assets/Free Simple Dungeon Props - YP/Models/Shield.fbx
  artifactKey: Guid(d40827398f8b5e84891e6ce713678e75) Importer(2089858483,b0f066a214c2f5e87bad3c948f4d605d)
Start importing Assets/Free Simple Dungeon Props - YP/Models/Shield.fbx using Guid(d40827398f8b5e84891e6ce713678e75) Importer(2089858483,b0f066a214c2f5e87bad3c948f4d605d) (ScriptedImporter) -> (artifact id: '3cb37f98e6046ed1b84c69af8cb5a71a') in 0.0654732 seconds
Number of updated asset objects reloaded before import = 0Number of asset objects unloaded after import = 8

========================================================================
Received Import Request.
  Time since last request: 0.000024 seconds.
  path: Assets/Free Simple Dungeon Props - YP/Prefabs
  artifactKey: Guid(1b01c4d3b413d5042a6a522d7765f33f) Importer(2089858483,b0f066a214c2f5e87bad3c948f4d605d)
Start importing Assets/Free Simple Dungeon Props - YP/Prefabs using Guid(1b01c4d3b413d5042a6a522d7765f33f) Importer(2089858483,b0f066a214c2f5e87bad3c948f4d605d) (ScriptedImporter) -> (artifact id: '6659ea1abb8bedc8766ecbd55ebd24a6') in 0.0076419 seconds
Number of updated asset objects reloaded before import = 0Number of asset objects unloaded after import = 1

========================================================================
Received Import Request.
  Time since last request: 0.000034 seconds.
  path: Assets/Free Simple Dungeon Props - YP/Prefabs/Skull.prefab
  artifactKey: Guid(e372613f29e62004185511716293b7ce) Importer(2089858483,b0f066a214c2f5e87bad3c948f4d605d)
Start importing Assets/Free Simple Dungeon Props - YP/Prefabs/Skull.prefab using Guid(e372613f29e62004185511716293b7ce) Importer(2089858483,b0f066a214c2f5e87bad3c948f4d605d) (ScriptedImporter) -> (artifact id: '846e2950bad374afaec265728206fcfc') in 0.0172925 seconds
Number of updated asset objects reloaded before import = 0Number of asset objects unloaded after import = 9

========================================================================
Received Import Request.
  Time since last request: 0.000021 seconds.
  path: Assets/Free Simple Dungeon Props - YP/Material and Texture/Ground.mat
  artifactKey: Guid(92d9787e85981304c8a70fffb38475de) Importer(2089858483,b0f066a214c2f5e87bad3c948f4d605d)
Start importing Assets/Free Simple Dungeon Props - YP/Material and Texture/Ground.mat using Guid(92d9787e85981304c8a70fffb38475de) Importer(2089858483,b0f066a214c2f5e87bad3c948f4d605d) (ScriptedImporter) -> (artifact id: '4042d7662aca370ee1ea4ea1540308f3') in 0.0273327 seconds
Number of updated asset objects reloaded before import = 0Number of asset objects unloaded after import = 2

========================================================================
Received Import Request.
  Time since last request: 0.000022 seconds.
  path: Assets/Free Simple Dungeon Props - YP/Material and Texture/Gradient.mat
  artifactKey: Guid(2ac4507fdf3676345a0bceecb9455d53) Importer(2089858483,b0f066a214c2f5e87bad3c948f4d605d)
Start importing Assets/Free Simple Dungeon Props - YP/Material and Texture/Gradient.mat using Guid(2ac4507fdf3676345a0bceecb9455d53) Importer(2089858483,b0f066a214c2f5e87bad3c948f4d605d) (ScriptedImporter) -> (artifact id: 'b1dab955aa7a7f8ee61fb4cc00e86bae') in 0.0339238 seconds
Number of updated asset objects reloaded before import = 0Number of asset objects unloaded after import = 3

========================================================================
Received Import Request.
  Time since last request: 0.000036 seconds.
  path: Assets/Free Simple Dungeon Props - YP/Prefabs/Candle.prefab
  artifactKey: Guid(09815de945767b9429d6669a033e628e) Importer(2089858483,b0f066a214c2f5e87bad3c948f4d605d)
Start importing Assets/Free Simple Dungeon Props - YP/Prefabs/Candle.prefab using Guid(09815de945767b9429d6669a033e628e) Importer(2089858483,b0f066a214c2f5e87bad3c948f4d605d) (ScriptedImporter) -> (artifact id: 'ac84c7373740e42d5714700fcb502460') in 0.0136771 seconds
Number of updated asset objects reloaded before import = 0Number of asset objects unloaded after import = 9

========================================================================
Received Import Request.
  Time since last request: 0.000017 seconds.
  path: Assets/Free Simple Dungeon Props - YP/Models
  artifactKey: Guid(f3bc05f21bc931b458c35991e68cd447) Importer(2089858483,b0f066a214c2f5e87bad3c948f4d605d)
Start importing Assets/Free Simple Dungeon Props - YP/Models using Guid(f3bc05f21bc931b458c35991e68cd447) Importer(2089858483,b0f066a214c2f5e87bad3c948f4d605d) (ScriptedImporter) -> (artifact id: '29337fd96cc25cad695ce99c1a217023') in 0.0068884 seconds
Number of updated asset objects reloaded before import = 0Number of asset objects unloaded after import = 1

========================================================================
Received Import Request.
  Time since last request: 0.000025 seconds.
  path: Assets/Free Simple Dungeon Props - YP/Models/Axe.fbx
  artifactKey: Guid(4c9de6c0471a16b4b83b8ce7ed101933) Importer(2089858483,b0f066a214c2f5e87bad3c948f4d605d)
Start importing Assets/Free Simple Dungeon Props - YP/Models/Axe.fbx using Guid(4c9de6c0471a16b4b83b8ce7ed101933) Importer(2089858483,b0f066a214c2f5e87bad3c948f4d605d) (ScriptedImporter) -> (artifact id: '8f3bf01652f4811b5793bc8740ac36ed') in 0.0140284 seconds
Number of updated asset objects reloaded before import = 0Number of asset objects unloaded after import = 8

========================================================================
Received Import Request.
  Time since last request: 0.000018 seconds.
  path: Assets/Free Simple Dungeon Props - YP/Models/Skull.fbx
  artifactKey: Guid(855a28afef6a1974e8682901dc6f1663) Importer(2089858483,b0f066a214c2f5e87bad3c948f4d605d)
Start importing Assets/Free Simple Dungeon Props - YP/Models/Skull.fbx using Guid(855a28afef6a1974e8682901dc6f1663) Importer(2089858483,b0f066a214c2f5e87bad3c948f4d605d) (ScriptedImporter) -> (artifact id: 'de35bf2210a6e957792b45cd47565b96') in 0.0140429 seconds
Number of updated asset objects reloaded before import = 0Number of asset objects unloaded after import = 8

========================================================================
Received Import Request.
  Time since last request: 0.000020 seconds.
  path: Assets/Free Simple Dungeon Props - YP/Prefabs/Treasure.prefab
  artifactKey: Guid(5cc0136e6ade0374fb038d42ddcc81a5) Importer(2089858483,b0f066a214c2f5e87bad3c948f4d605d)
Start importing Assets/Free Simple Dungeon Props - YP/Prefabs/Treasure.prefab using Guid(5cc0136e6ade0374fb038d42ddcc81a5) Importer(2089858483,b0f066a214c2f5e87bad3c948f4d605d) (ScriptedImporter) -> (artifact id: 'adf3d2c598b5720e802a645abaf0ce37') in 0.0125146 seconds
Number of updated asset objects reloaded before import = 0Number of asset objects unloaded after import = 15

========================================================================
Received Import Request.
  Time since last request: 7.395505 seconds.
  path: Assets/Class 04th (Animation)/Free Simple Dungeon Props - YP
  artifactKey: Guid(d4addc19974bf644e89fdafdff147643) Importer(2089858483,b0f066a214c2f5e87bad3c948f4d605d)
Start importing Assets/Class 04th (Animation)/Free Simple Dungeon Props - YP using Guid(d4addc19974bf644e89fdafdff147643) Importer(2089858483,b0f066a214c2f5e87bad3c948f4d605d) (ScriptedImporter) -> (artifact id: '4fec6950facc23fd1fa173ddd5a1e132') in 0.0098868 seconds
Number of updated asset objects reloaded before import = 0Number of asset objects unloaded after import = 1

========================================================================
Received Import Request.
  Time since last request: 0.000017 seconds.
  path: Assets/Class 04th (Animation)/Free Simple Dungeon Props - YP/Models/Candle.fbx
  artifactKey: Guid(4bc81f3e4630f974e96fa89229f71c0b) Importer(2089858483,b0f066a214c2f5e87bad3c948f4d605d)
Start importing Assets/Class 04th (Animation)/Free Simple Dungeon Props - YP/Models/Candle.fbx using Guid(4bc81f3e4630f974e96fa89229f71c0b) Importer(2089858483,b0f066a214c2f5e87bad3c948f4d605d) (ScriptedImporter) -> (artifact id: 'c3f93e568633f1d79817a91b006c3c9e') in 0.0151167 seconds
Number of updated asset objects reloaded before import = 0Number of asset objects unloaded after import = 8

========================================================================
Received Import Request.
  Time since last request: 0.000020 seconds.
  path: Assets/Class 04th (Animation)/Free Simple Dungeon Props - YP/Prefabs/Treasure_lid.prefab
  artifactKey: Guid(875a085e562c30d4790d58ee0a1420a0) Importer(2089858483,b0f066a214c2f5e87bad3c948f4d605d)
Start importing Assets/Class 04th (Animation)/Free Simple Dungeon Props - YP/Prefabs/Treasure_lid.prefab using Guid(875a085e562c30d4790d58ee0a1420a0) Importer(2089858483,b0f066a214c2f5e87bad3c948f4d605d) (ScriptedImporter) -> (artifact id: 'da8adf989c509ab4356320bb4bcbb5fc') in 0.0116451 seconds
Number of updated asset objects reloaded before import = 0Number of asset objects unloaded after import = 9

========================================================================
Received Import Request.
  Time since last request: 0.000026 seconds.
  path: Assets/Class 04th (Animation)/Free Simple Dungeon Props - YP/Prefabs/Candle.prefab
  artifactKey: Guid(09815de945767b9429d6669a033e628e) Importer(2089858483,b0f066a214c2f5e87bad3c948f4d605d)
Start importing Assets/Class 04th (Animation)/Free Simple Dungeon Props - YP/Prefabs/Candle.prefab using Guid(09815de945767b9429d6669a033e628e) Importer(2089858483,b0f066a214c2f5e87bad3c948f4d605d) (ScriptedImporter) -> (artifact id: 'b8a872793cf7e70f4cd71886a56938d6') in 0.0105307 seconds
Number of updated asset objects reloaded before import = 0Number of asset objects unloaded after import = 9

========================================================================
Received Import Request.
  Time since last request: 8.953207 seconds.
  path: Assets/Class 04th (Animation)/Free Simple Dungeon Props - YP/Material and Texture/Gradient.mat
  artifactKey: Guid(2ac4507fdf3676345a0bceecb9455d53) Importer(815301076,1909f56bfc062723c751e8b465ee728b)
Start importing Assets/Class 04th (Animation)/Free Simple Dungeon Props - YP/Material and Texture/Gradient.mat using Guid(2ac4507fdf3676345a0bceecb9455d53) Importer(815301076,1909f56bfc062723c751e8b465ee728b) (PreviewImporter) -> (artifact id: '227e13a4358439c558437de2f427b015') in 2.2977733 seconds
Number of updated asset objects reloaded before import = 0Number of asset objects unloaded after import = 3

========================================================================
Received Import Request.
  Time since last request: 0.029062 seconds.
  path: Assets/Class 04th (Animation)/Free Simple Dungeon Props - YP/Models/Axe.fbx
  artifactKey: Guid(4c9de6c0471a16b4b83b8ce7ed101933) Importer(815301076,1909f56bfc062723c751e8b465ee728b)
Start importing Assets/Class 04th (Animation)/Free Simple Dungeon Props - YP/Models/Axe.fbx using Guid(4c9de6c0471a16b4b83b8ce7ed101933) Importer(815301076,1909f56bfc062723c751e8b465ee728b) (PreviewImporter) -> (artifact id: 'c1dffd51a8e0bcc3730c60fb8361ab37') in 0.0562959 seconds
Number of updated asset objects reloaded before import = 0Number of asset objects unloaded after import = 10

========================================================================
Received Import Request.
  Time since last request: 1.186923 seconds.
  path: Assets/Class 04th (Animation)/Free Simple Dungeon Props - YP/Prefabs/Axe.prefab
  artifactKey: Guid(953102c45e2562749a6228624ca09bec) Importer(815301076,1909f56bfc062723c751e8b465ee728b)
Start importing Assets/Class 04th (Animation)/Free Simple Dungeon Props - YP/Prefabs/Axe.prefab using Guid(953102c45e2562749a6228624ca09bec) Importer(815301076,1909f56bfc062723c751e8b465ee728b) (PreviewImporter) -> (artifact id: '0bd23205b9bc2b796ae899df9dbcd3c5') in 0.026503 seconds
Number of updated asset objects reloaded before import = 0Number of asset objects unloaded after import = 11

========================================================================
Received Import Request.
  Time since last request: 0.000032 seconds.
  path: Assets/Class 04th (Animation)/Free Simple Dungeon Props - YP/Prefabs/Skull.prefab
  artifactKey: Guid(e372613f29e62004185511716293b7ce) Importer(815301076,1909f56bfc062723c751e8b465ee728b)
Start importing Assets/Class 04th (Animation)/Free Simple Dungeon Props - YP/Prefabs/Skull.prefab using Guid(e372613f29e62004185511716293b7ce) Importer(815301076,1909f56bfc062723c751e8b465ee728b) (PreviewImporter) -> (artifact id: '3a66de448d4255b773380cf6941067c3') in 0.0309643 seconds
Number of updated asset objects reloaded before import = 0Number of asset objects unloaded after import = 11

========================================================================
Received Import Request.
  Time since last request: 0.000035 seconds.
  path: Assets/Class 04th (Animation)/Free Simple Dungeon Props - YP/Prefabs/Shield.prefab
  artifactKey: Guid(0e3da7a3d16060c44a8c11f391d85fb6) Importer(815301076,1909f56bfc062723c751e8b465ee728b)
Start importing Assets/Class 04th (Animation)/Free Simple Dungeon Props - YP/Prefabs/Shield.prefab using Guid(0e3da7a3d16060c44a8c11f391d85fb6) Importer(815301076,1909f56bfc062723c751e8b465ee728b) (PreviewImporter) -> (artifact id: '041174db26ebbe9bc6375da1b2afe129') in 0.0246375 seconds
Number of updated asset objects reloaded before import = 0Number of asset objects unloaded after import = 11

Editor requested this worker to shutdown with reason: Scaling down because of idle timeout
AssetImportWorker is now disconnected from the server
Process exiting
Exiting without the bug reporter. Application will terminate with return code 0