[Licensing::Module] Trying to connect to existing licensing client channel...
Built from '6000.3/staging' branch; Version is '6000.3.15f1 (c1aa84e375f6) revision 12692100'; Using compiler version '194234433'; Build Type 'Release'
OS: 'Windows 11  (10.0.26200) Core' Language: 'ko' Physical Memory: 16310 MB
BatchMode: 1, IsHumanControllingUs: 0, StartBugReporterOnCrash: 0, Is64bit: 1
System  architecture: x64
Process architecture: x64
[Licensing::IpcConnector] Successfully connected to: "LicenseClient-User" at "2026-05-28T11:25:28.0442443Z"
Date: 2026-05-28T11:25:28Z

COMMAND LINE ARGUMENTS:
C:\Program Files\Unity\Hub\Editor\6000.3.15f1\Editor\Unity.exe
-adb2
-batchMode
-noUpm
-name
AssetImportWorker12
-projectPath
C:/Users/User/Desktop/Unity/Program
-logFile
Logs/AssetImportWorker12.log
-srvPort
59870
-licensingIpc
LicenseClient-User
-job-worker-count
7
-background-job-worker-count
8
-gc-helper-count
1
-name
AssetImport
Successfully changed project path to: C:/Users/User/Desktop/Unity/Program
C:/Users/User/Desktop/Unity/Program
[UnityMemory] Configuration Parameters - Can be set up in boot.config
    "memorysetup-temp-allocator-size-nav-mesh-worker=65536"
    "memorysetup-temp-allocator-size-audio-worker=65536"
    "memorysetup-temp-allocator-size-gfx=262144"
    "memorysetup-allocator-temp-initial-block-size-main=262144"
    "memorysetup-allocator-temp-initial-block-size-worker=262144"
    "memorysetup-temp-allocator-size-background-worker=32768"
    "memorysetup-temp-allocator-size-job-worker=262144"
    "memorysetup-temp-allocator-size-preload-manager=33554432"
    "memorysetup-temp-allocator-size-gi-baking-worker=262144"
    "memorysetup-temp-allocator-size-gi-baking-worker=262144"
    "memorysetup-temp-allocator-size-gi-baking-worker=262144"
    "memorysetup-temp-allocator-size-gi-baking-worker=262144"
    "memorysetup-temp-allocator-size-gi-baking-worker=262144"
    "memorysetup-bucket-allocator-granularity=16"
    "memorysetup-bucket-allocator-bucket-count=8"
    "memorysetup-bucket-allocator-block-size=33554432"
    "memorysetup-bucket-allocator-block-count=8"
    "memorysetup-main-allocator-block-size=16777216"
    "memorysetup-thread-allocator-block-size=16777216"
    "memorysetup-gfx-main-allocator-block-size=16777216"
    "memorysetup-gfx-thread-allocator-block-size=16777216"
    "memorysetup-cache-allocator-block-size=4194304"
    "memorysetup-typetree-allocator-block-size=2097152"
    "memorysetup-profiler-bucket-allocator-granularity=16"
    "memorysetup-profiler-bucket-allocator-bucket-count=8"
    "memorysetup-profiler-bucket-allocator-block-size=33554432"
    "memorysetup-profiler-bucket-allocator-block-count=8"
    "memorysetup-profiler-allocator-block-size=16777216"
    "memorysetup-profiler-editor-allocator-block-size=1048576"
    "memorysetup-temp-allocator-size-main=16777216"
    "memorysetup-job-temp-allocator-block-size=2097152"
    "memorysetup-job-temp-allocator-block-size-background=1048576"
    "memorysetup-job-temp-allocator-reduction-small-platforms=262144"
    "memorysetup-temp-allocator-size-cloud-worker=32768"
Player connection [6116]  Target information:

Player connection [6116]  * "[IP] 192.168.0.7 [Port] 0 [Flags] 2 [Guid] 2041043767 [EditorId] 2041043767 [Version] 1048832 [Id] WindowsEditor(7,DESKTOP-9G2NQRC) [Debug] 1 [PackageName] WindowsEditor [ProjectName] Editor" 

Player connection [6116]  * "[IP] 192.168.0.13 [Port] 0 [Flags] 2 [Guid] 2041043767 [EditorId] 2041043767 [Version] 1048832 [Id] WindowsEditor(7,DESKTOP-9G2NQRC) [Debug] 1 [PackageName] WindowsEditor [ProjectName] Editor" 

Player connection [6116] Host joined multi-casting on [225.0.0.222:54997]...
Player connection [6116] Host joined alternative multi-casting on [225.0.0.222:34997]...
JobSystem: Creating JobQueue using job-worker-count value 7
Input System module state changed to: Initialized.
[Physics::Module] Initialized fallback backend.
[Physics::Module] Id: 0xdecafbad
Library Redirect Path: Library/
[Physics::Module] Selected backend.
[Physics::Module] Name: PhysX
[Physics::Module] Id: 0xf2b8ea05
[Physics::Module] SDK Version: 4.1.2
[Physics::Module] Integration Version: 1.0.0
[Physics::Module] Threading Mode: Multi-Threaded
Refreshing native plugins compatible for Editor in 7.27 ms, found 4 plugins.
Preloading 0 native plugins for Editor in 0.00 ms.
Initialize engine version: 6000.3.15f1 (c1aa84e375f6)
[Subsystems] Discovering subsystems at path C:/Program Files/Unity/Hub/Editor/6000.3.15f1/Editor/Data/Resources/UnitySubsystems
[Subsystems] Discovering subsystems at path C:/Users/User/Desktop/Unity/Program/Assets
GfxDevice: creating device client; kGfxThreadingModeNonThreaded
Direct3D:
    Version:  Direct3D 11.0 [level 11.1]
    Renderer: NVIDIA GeForce RTX 3070 (ID=0x2488)
    Vendor:   NVIDIA
    VRAM:     8018 MB
    Driver:   32.0.15.9186
Initialize mono
Mono path[0] = 'C:/Program Files/Unity/Hub/Editor/6000.3.15f1/Editor/Data/Managed'
Mono path[1] = 'C:/Program Files/Unity/Hub/Editor/6000.3.15f1/Editor/Data/MonoBleedingEdge/lib/mono/unityjit-win32'
Mono config path = 'C:/Program Files/Unity/Hub/Editor/6000.3.15f1/Editor/Data/MonoBleedingEdge/etc'
Using monoOptions --debugger-agent=transport=dt_socket,embedding=1,server=y,suspend=n,address=127.0.0.1:56168
Begin MonoManager ReloadAssembly
Registering precompiled unity dll's ...
Register platform support module: C:/Program Files/Unity/Hub/Editor/6000.3.15f1/Editor/Data/PlaybackEngines/WindowsStandaloneSupport/UnityEditor.WindowsStandalone.Extensions.dll
Registered in 0.002700 seconds.
[Licensing::Client] Error: HandshakeResponse reported an error:
	ResponseCode: 505
	ResponseStatus: Unsupported protocol version '1.18.1'.
[Licensing::Module] Error: Failed to handshake to channel: "LicenseClient-User"
[Licensing::IpcConnector] LicenseClient-User channel disconnected successfully.
[Licensing::IpcConnector] Successfully connected to: "LicenseClient-User-6000.3.15" at "2026-05-28T11:25:28.9571808Z"
[Licensing::Client] Code 10 while verifying Licensing Client signature (process Id: 34500, path: "C:/Program Files/Unity/Hub/Editor/6000.3.15f1/Editor/Data/Resources/Licensing/Client/Unity.Licensing.Client.exe")
[Licensing::Module] LicensingClient has failed validation; ignoring
[Licensing::Client] Handshaking with LicensingClient:
  Version:                 1.18.1+9fbee8e
  Session Id:              aebe35337471498fbcd063c1944032f4
  Correlation Id:          4e6380c663ed2fafd5c5f9020547c145
  External correlation Id: 1014859038660626948
  Machine Id:              eRBpBDHPyoUB8KnXL/IhcnMeJd4=
[Licensing::Module] Successfully connected to LicensingClient on channel: "LicenseClient-User-6000.3.15" (connect: 0.00s, validation: 0.00s, handshake: 0.01s)
[Licensing::IpcConnector] Successfully connected to: "LicenseClient-User-6000.3.15-notifications" at "2026-05-28T11:25:28.9650441Z"
[Licensing::Module] Licensing Background thread has ended after 0.92s
- Loaded All Assemblies, in  0.397 seconds
Native extension for WindowsStandalone target not found
Package Manager log level set to [2]
[Package Manager] Failed to launch server process. Reason: Unity was launched with the -noUpm command-line argument
[Package Manager] Unable to send message (not connected to server process).
[Package Manager] Cannot connect to Unity Package Manager local server
ScheduleIndexationOnStartup MainProcess:False IndexOnStartup:True
Mono: successfully reloaded assembly
- Finished resetting the current domain, in  0.365 seconds
Domain Reload Profiling: 756ms
	BeginReloadAssembly (131ms)
		ExecutionOrderSort (0ms)
		DisableScriptedObjects (0ms)
		BackupInstance (0ms)
		ReleaseScriptingObjects (0ms)
		CreateAndSetChildDomain (1ms)
	RebuildCommonClasses (35ms)
	RebuildNativeTypeToScriptingClass (12ms)
	initialDomainReloadingComplete (60ms)
	LoadAllAssembliesAndSetupDomain (153ms)
		LoadAssemblies (125ms)
		RebuildTransferFunctionScriptingTraits (0ms)
		AnalyzeDomain (150ms)
			TypeCache.Refresh (148ms)
				TypeCache.ScanAssembly (136ms)
			BuildScriptInfoCaches (0ms)
			ResolveRequiredComponents (0ms)
	FinalizeReload (365ms)
		ReleaseScriptCaches (0ms)
		RebuildScriptCaches (0ms)
		SetupLoadedEditorAssemblies (322ms)
			LogAssemblyErrors (0ms)
			InitializePlatformSupportModulesInManaged (43ms)
			SetLoadedEditorAssemblies (4ms)
			BeforeProcessingInitializeOnLoad (80ms)
			ProcessInitializeOnLoadAttributes (127ms)
			ProcessInitializeOnLoadMethodAttributes (67ms)
			AfterProcessingInitializeOnLoad (0ms)
			EditorAssembliesLoaded (0ms)
		ExecutionOrderSort2 (0ms)
		AwakeInstancesAfterBackupRestoration (0ms)
========================================================================
Worker process is ready to serve import requests
Import Worker Mode flag is 0x00
Begin MonoManager ReloadAssembly
[Licensing::Client] Successfully resolved entitlement details
[Licensing::Module] License group:
  Id: 14569550976948-UnityPersXXXX
  Product: Unity Personal
  Type: Assigned
  Expiration: Unlimited
- Loaded All Assemblies, in  0.846 seconds
Refreshing native plugins compatible for Editor in 2.38 ms, found 4 plugins.
Native extension for WindowsStandalone target not found
[Package Manager] Failed to launch server process. Reason: Unity was launched with the -noUpm command-line argument
[Package Manager] Unable to send message (not connected to server process).
[Package Manager] Cannot connect to Unity Package Manager local server
Refreshing native plugins compatible for Editor in 2.42 ms, found 4 plugins.
[Package Manager] Failed to launch server process. Reason: Unity was launched with the -noUpm command-line argument
[Package Manager] Unable to send message (not connected to server process).
[Package Manager] Cannot connect to Unity Package Manager local server
ScheduleIndexationOnStartup MainProcess:False IndexOnStartup:True
Mono: successfully reloaded assembly
- Finished resetting the current domain, in  0.825 seconds
Domain Reload Profiling: 1660ms
	BeginReloadAssembly (176ms)
		ExecutionOrderSort (0ms)
		DisableScriptedObjects (6ms)
		BackupInstance (0ms)
		ReleaseScriptingObjects (0ms)
		CreateAndSetChildDomain (25ms)
	RebuildCommonClasses (33ms)
	RebuildNativeTypeToScriptingClass (11ms)
	initialDomainReloadingComplete (44ms)
	LoadAllAssembliesAndSetupDomain (572ms)
		LoadAssemblies (436ms)
		RebuildTransferFunctionScriptingTraits (0ms)
		AnalyzeDomain (235ms)
			TypeCache.Refresh (166ms)
				TypeCache.ScanAssembly (152ms)
			BuildScriptInfoCaches (56ms)
			ResolveRequiredComponents (9ms)
	FinalizeReload (825ms)
		ReleaseScriptCaches (0ms)
		RebuildScriptCaches (0ms)
		SetupLoadedEditorAssemblies (643ms)
			LogAssemblyErrors (0ms)
			InitializePlatformSupportModulesInManaged (2ms)
			SetLoadedEditorAssemblies (5ms)
			BeforeProcessingInitializeOnLoad (193ms)
			ProcessInitializeOnLoadAttributes (370ms)
			ProcessInitializeOnLoadMethodAttributes (62ms)
			AfterProcessingInitializeOnLoad (11ms)
			EditorAssembliesLoaded (0ms)
		ExecutionOrderSort2 (0ms)
		AwakeInstancesAfterBackupRestoration (5ms)
Launched and connected shader compiler UnityShaderCompiler.exe after 0.01 seconds
Refreshing native plugins compatible for Editor in 2.52 ms, found 4 plugins.
Preloading 0 native plugins for Editor in 0.00 ms.
Unloading 16 Unused Serialized files (Serialized files now loaded: 0)
Unloading 6440 unused Assets / (4.4 MB). Loaded Objects now: 7235.
Memory consumption went from 149.6 MB to 145.2 MB.
Total: 8.764700 ms (FindLiveObjects: 0.664200 ms CreateObjectMapping: 0.667000 ms MarkObjects: 5.420100 ms  DeleteObjects: 2.012900 ms)

========================================================================
Received Prepare
Begin MonoManager ReloadAssembly
- Loaded All Assemblies, in  0.858 seconds
Refreshing native plugins compatible for Editor in 2.21 ms, found 4 plugins.
Native extension for WindowsStandalone target not found
[Package Manager] Failed to launch server process. Reason: Unity was launched with the -noUpm command-line argument
[Package Manager] Unable to send message (not connected to server process).
[Package Manager] Cannot connect to Unity Package Manager local server
[Package Manager] Failed to launch server process. Reason: Unity was launched with the -noUpm command-line argument
[Package Manager] Unable to send message (not connected to server process).
[Package Manager] Cannot connect to Unity Package Manager local server
ScheduleIndexationOnStartup MainProcess:False IndexOnStartup:True
Mono: successfully reloaded assembly
- Finished resetting the current domain, in  0.930 seconds
Domain Reload Profiling: 1783ms
	BeginReloadAssembly (215ms)
		ExecutionOrderSort (0ms)
		DisableScriptedObjects (6ms)
		BackupInstance (0ms)
		ReleaseScriptingObjects (0ms)
		CreateAndSetChildDomain (47ms)
	RebuildCommonClasses (35ms)
	RebuildNativeTypeToScriptingClass (14ms)
	initialDomainReloadingComplete (40ms)
	LoadAllAssembliesAndSetupDomain (548ms)
		LoadAssemblies (459ms)
		RebuildTransferFunctionScriptingTraits (0ms)
		AnalyzeDomain (189ms)
			TypeCache.Refresh (7ms)
				TypeCache.ScanAssembly (0ms)
			BuildScriptInfoCaches (167ms)
			ResolveRequiredComponents (9ms)
	FinalizeReload (931ms)
		ReleaseScriptCaches (0ms)
		RebuildScriptCaches (0ms)
		SetupLoadedEditorAssemblies (758ms)
			LogAssemblyErrors (0ms)
			InitializePlatformSupportModulesInManaged (2ms)
			SetLoadedEditorAssemblies (5ms)
			BeforeProcessingInitializeOnLoad (236ms)
			ProcessInitializeOnLoadAttributes (424ms)
			ProcessInitializeOnLoadMethodAttributes (77ms)
			AfterProcessingInitializeOnLoad (13ms)
			EditorAssembliesLoaded (0ms)
		ExecutionOrderSort2 (0ms)
		AwakeInstancesAfterBackupRestoration (18ms)
Refreshing native plugins compatible for Editor in 2.66 ms, found 4 plugins.
Preloading 0 native plugins for Editor in 0.00 ms.
Unloading 16 Unused Serialized files (Serialized files now loaded: 0)
Unloading 6438 unused Assets / (4.0 MB). Loaded Objects now: 7251.
Memory consumption went from 154.5 MB to 150.4 MB.
Total: 10.182200 ms (FindLiveObjects: 0.710600 ms CreateObjectMapping: 0.799100 ms MarkObjects: 6.791600 ms  DeleteObjects: 1.880200 ms)

Prepare: number of updated asset objects reloaded= 0
========================================================================
Received Import Request.
  Time since last request: 15751.825938 seconds.
  path: Assets/Class 07th (Prefab System)/Prefabs/Button.prefab
  artifactKey: Guid(70727227bc7698d408202501b6368b9b) Importer(815301076,1909f56bfc062723c751e8b465ee728b)
Start importing Assets/Class 07th (Prefab System)/Prefabs/Button.prefab using Guid(70727227bc7698d408202501b6368b9b) Importer(815301076,1909f56bfc062723c751e8b465ee728b) (PreviewImporter) -> (artifact id: 'db53b341a1770c53266610fced349f58') in 0.044739 seconds
Number of updated asset objects reloaded before import = 0Number of asset objects unloaded after import = 12

========================================================================
Received Prepare
Begin MonoManager ReloadAssembly
[Licensing::Client] Successfully resolved entitlement details
- Loaded All Assemblies, in  0.813 seconds
Refreshing native plugins compatible for Editor in 2.67 ms, found 4 plugins.
Native extension for WindowsStandalone target not found
[Package Manager] Failed to launch server process. Reason: Unity was launched with the -noUpm command-line argument
[Package Manager] Unable to send message (not connected to server process).
[Package Manager] Cannot connect to Unity Package Manager local server
[Package Manager] Failed to launch server process. Reason: Unity was launched with the -noUpm command-line argument
[Package Manager] Unable to send message (not connected to server process).
[Package Manager] Cannot connect to Unity Package Manager local server
ScheduleIndexationOnStartup MainProcess:False IndexOnStartup:True
Mono: successfully reloaded assembly
- Finished resetting the current domain, in  0.828 seconds
Domain Reload Profiling: 1635ms
	BeginReloadAssembly (200ms)
		ExecutionOrderSort (0ms)
		DisableScriptedObjects (6ms)
		BackupInstance (0ms)
		ReleaseScriptingObjects (0ms)
		CreateAndSetChildDomain (43ms)
	RebuildCommonClasses (34ms)
	RebuildNativeTypeToScriptingClass (12ms)
	initialDomainReloadingComplete (36ms)
	LoadAllAssembliesAndSetupDomain (523ms)
		LoadAssemblies (434ms)
		RebuildTransferFunctionScriptingTraits (0ms)
		AnalyzeDomain (182ms)
			TypeCache.Refresh (8ms)
				TypeCache.ScanAssembly (0ms)
			BuildScriptInfoCaches (158ms)
			ResolveRequiredComponents (9ms)
	FinalizeReload (829ms)
		ReleaseScriptCaches (0ms)
		RebuildScriptCaches (0ms)
		SetupLoadedEditorAssemblies (682ms)
			LogAssemblyErrors (0ms)
			InitializePlatformSupportModulesInManaged (2ms)
			SetLoadedEditorAssemblies (5ms)
			BeforeProcessingInitializeOnLoad (211ms)
			ProcessInitializeOnLoadAttributes (379ms)
			ProcessInitializeOnLoadMethodAttributes (72ms)
			AfterProcessingInitializeOnLoad (13ms)
			EditorAssembliesLoaded (0ms)
		ExecutionOrderSort2 (0ms)
		AwakeInstancesAfterBackupRestoration (16ms)
Refreshing native plugins compatible for Editor in 3.12 ms, found 4 plugins.
Preloading 0 native plugins for Editor in 0.00 ms.
Unloading 16 Unused Serialized files (Serialized files now loaded: 0)
Unloading 6438 unused Assets / (4.0 MB). Loaded Objects now: 7259.
Memory consumption went from 155.2 MB to 151.1 MB.
Total: 8.837300 ms (FindLiveObjects: 0.849200 ms CreateObjectMapping: 0.600500 ms MarkObjects: 5.166900 ms  DeleteObjects: 2.220200 ms)

Prepare: number of updated asset objects reloaded= 0
========================================================================
Received Prepare
Begin MonoManager ReloadAssembly
- Loaded All Assemblies, in  0.798 seconds
Refreshing native plugins compatible for Editor in 2.35 ms, found 4 plugins.
Native extension for WindowsStandalone target not found
[Package Manager] Failed to launch server process. Reason: Unity was launched with the -noUpm command-line argument
[Package Manager] Unable to send message (not connected to server process).
[Package Manager] Cannot connect to Unity Package Manager local server
[Package Manager] Failed to launch server process. Reason: Unity was launched with the -noUpm command-line argument
[Package Manager] Unable to send message (not connected to server process).
[Package Manager] Cannot connect to Unity Package Manager local server
ScheduleIndexationOnStartup MainProcess:False IndexOnStartup:True
Mono: successfully reloaded assembly
- Finished resetting the current domain, in  0.825 seconds
Domain Reload Profiling: 1618ms
	BeginReloadAssembly (201ms)
		ExecutionOrderSort (0ms)
		DisableScriptedObjects (6ms)
		BackupInstance (0ms)
		ReleaseScriptingObjects (0ms)
		CreateAndSetChildDomain (44ms)
	RebuildCommonClasses (33ms)
	RebuildNativeTypeToScriptingClass (12ms)
	initialDomainReloadingComplete (35ms)
	LoadAllAssembliesAndSetupDomain (513ms)
		LoadAssemblies (430ms)
		RebuildTransferFunctionScriptingTraits (0ms)
		AnalyzeDomain (175ms)
			TypeCache.Refresh (8ms)
				TypeCache.ScanAssembly (0ms)
			BuildScriptInfoCaches (155ms)
			ResolveRequiredComponents (8ms)
	FinalizeReload (825ms)
		ReleaseScriptCaches (0ms)
		RebuildScriptCaches (0ms)
		SetupLoadedEditorAssemblies (676ms)
			LogAssemblyErrors (0ms)
			InitializePlatformSupportModulesInManaged (2ms)
			SetLoadedEditorAssemblies (5ms)
			BeforeProcessingInitializeOnLoad (208ms)
			ProcessInitializeOnLoadAttributes (380ms)
			ProcessInitializeOnLoadMethodAttributes (69ms)
			AfterProcessingInitializeOnLoad (13ms)
			EditorAssembliesLoaded (0ms)
		ExecutionOrderSort2 (0ms)
		AwakeInstancesAfterBackupRestoration (16ms)
Refreshing native plugins compatible for Editor in 2.80 ms, found 4 plugins.
Preloading 0 native plugins for Editor in 0.00 ms.
Unloading 16 Unused Serialized files (Serialized files now loaded: 0)
Unloading 6438 unused Assets / (3.8 MB). Loaded Objects now: 7262.
Memory consumption went from 155.2 MB to 151.4 MB.
Total: 8.560800 ms (FindLiveObjects: 0.813900 ms CreateObjectMapping: 0.741800 ms MarkObjects: 5.273000 ms  DeleteObjects: 1.731200 ms)

Prepare: number of updated asset objects reloaded= 0
========================================================================
Received Prepare
Begin MonoManager ReloadAssembly
[Licensing::Client] Successfully resolved entitlement details
- Loaded All Assemblies, in  0.810 seconds
Refreshing native plugins compatible for Editor in 2.48 ms, found 4 plugins.
Native extension for WindowsStandalone target not found
[Package Manager] Failed to launch server process. Reason: Unity was launched with the -noUpm command-line argument
[Package Manager] Unable to send message (not connected to server process).
[Package Manager] Cannot connect to Unity Package Manager local server
[Package Manager] Failed to launch server process. Reason: Unity was launched with the -noUpm command-line argument
[Package Manager] Unable to send message (not connected to server process).
[Package Manager] Cannot connect to Unity Package Manager local server
ScheduleIndexationOnStartup MainProcess:False IndexOnStartup:True
Mono: successfully reloaded assembly
- Finished resetting the current domain, in  0.845 seconds
Domain Reload Profiling: 1649ms
	BeginReloadAssembly (201ms)
		ExecutionOrderSort (0ms)
		DisableScriptedObjects (6ms)
		BackupInstance (0ms)
		ReleaseScriptingObjects (0ms)
		CreateAndSetChildDomain (39ms)
	RebuildCommonClasses (33ms)
	RebuildNativeTypeToScriptingClass (12ms)
	initialDomainReloadingComplete (40ms)
	LoadAllAssembliesAndSetupDomain (518ms)
		LoadAssemblies (437ms)
		RebuildTransferFunctionScriptingTraits (0ms)
		AnalyzeDomain (177ms)
			TypeCache.Refresh (7ms)
				TypeCache.ScanAssembly (0ms)
			BuildScriptInfoCaches (156ms)
			ResolveRequiredComponents (9ms)
	FinalizeReload (845ms)
		ReleaseScriptCaches (0ms)
		RebuildScriptCaches (0ms)
		SetupLoadedEditorAssemblies (694ms)
			LogAssemblyErrors (0ms)
			InitializePlatformSupportModulesInManaged (2ms)
			SetLoadedEditorAssemblies (5ms)
			BeforeProcessingInitializeOnLoad (221ms)
			ProcessInitializeOnLoadAttributes (380ms)
			ProcessInitializeOnLoadMethodAttributes (73ms)
			AfterProcessingInitializeOnLoad (12ms)
			EditorAssembliesLoaded (0ms)
		ExecutionOrderSort2 (0ms)
		AwakeInstancesAfterBackupRestoration (16ms)
Refreshing native plugins compatible for Editor in 2.71 ms, found 4 plugins.
Preloading 0 native plugins for Editor in 0.00 ms.
Unloading 16 Unused Serialized files (Serialized files now loaded: 0)
Unloading 6438 unused Assets / (4.0 MB). Loaded Objects now: 7265.
Memory consumption went from 155.2 MB to 151.3 MB.
Total: 8.317400 ms (FindLiveObjects: 0.779700 ms CreateObjectMapping: 0.571300 ms MarkObjects: 4.859300 ms  DeleteObjects: 2.106300 ms)

Prepare: number of updated asset objects reloaded= 0
========================================================================
Received Import Request.
  Time since last request: 324.821806 seconds.
  path: Assets/Class 07th (Prefab System)/Animations
  artifactKey: Guid(fd337d640e8b9a642806fed9820c7a3c) Importer(815301076,1909f56bfc062723c751e8b465ee728b)
Start importing Assets/Class 07th (Prefab System)/Animations using Guid(fd337d640e8b9a642806fed9820c7a3c) Importer(815301076,1909f56bfc062723c751e8b465ee728b) (PreviewImporter) -> (artifact id: '1d79e093d1df219957b4cc2f80209a50') in 0.0208943 seconds
Number of updated asset objects reloaded before import = 0Number of asset objects unloaded after import = 0

========================================================================
Received Import Request.
  Time since last request: 0.886634 seconds.
  path: Assets/Class 07th (Prefab System)/Animations
  artifactKey: Guid(fd337d640e8b9a642806fed9820c7a3c) Importer(2089858483,b0f066a214c2f5e87bad3c948f4d605d)
Start importing Assets/Class 07th (Prefab System)/Animations using Guid(fd337d640e8b9a642806fed9820c7a3c) Importer(2089858483,b0f066a214c2f5e87bad3c948f4d605d) (ScriptedImporter) -> (artifact id: '85750be359051046ede808554e412a38') in 0.0410937 seconds
Number of updated asset objects reloaded before import = 0Number of asset objects unloaded after import = 1

========================================================================
Received Import Request.
  Time since last request: 5.497963 seconds.
  path: Assets/Class 07th (Prefab System)/Animators
  artifactKey: Guid(e428d2a5262704448990e7bb1fcde913) Importer(815301076,1909f56bfc062723c751e8b465ee728b)
Start importing Assets/Class 07th (Prefab System)/Animators using Guid(e428d2a5262704448990e7bb1fcde913) Importer(815301076,1909f56bfc062723c751e8b465ee728b) (PreviewImporter) -> (artifact id: '70c4786015c45bf07a7e0a6978c33185') in 0.000524 seconds
Number of updated asset objects reloaded before import = 0Number of asset objects unloaded after import = 0

========================================================================
Received Import Request.
  Time since last request: 0.912947 seconds.
  path: Assets/Class 07th (Prefab System)/Animators
  artifactKey: Guid(e428d2a5262704448990e7bb1fcde913) Importer(2089858483,b0f066a214c2f5e87bad3c948f4d605d)
Start importing Assets/Class 07th (Prefab System)/Animators using Guid(e428d2a5262704448990e7bb1fcde913) Importer(2089858483,b0f066a214c2f5e87bad3c948f4d605d) (ScriptedImporter) -> (artifact id: '4506dac5835b75e8ca2f82ab5e49918a') in 0.009942 seconds
Number of updated asset objects reloaded before import = 0Number of asset objects unloaded after import = 1

========================================================================
Received Import Request.
  Time since last request: 126.050673 seconds.
  path: Assets/Class 07th (Prefab System)/Prefabs/Button.prefab
  artifactKey: Guid(70727227bc7698d408202501b6368b9b) Importer(2089858483,b0f066a214c2f5e87bad3c948f4d605d)
Start importing Assets/Class 07th (Prefab System)/Prefabs/Button.prefab using Guid(70727227bc7698d408202501b6368b9b) Importer(2089858483,b0f066a214c2f5e87bad3c948f4d605d) (ScriptedImporter) -> (artifact id: '9befa200086439d671ef0627fb3ab072') in 0.0994712 seconds
Number of updated asset objects reloaded before import = 0Number of asset objects unloaded after import = 12

========================================================================
Received Import Request.
  Time since last request: 253.417001 seconds.
  path: Assets/Class 07th (Prefab System)/Animations/Button Animation.anim
  artifactKey: Guid(fe489de76ac03dc43bade6d53428438f) Importer(2089858483,b0f066a214c2f5e87bad3c948f4d605d)
Start importing Assets/Class 07th (Prefab System)/Animations/Button Animation.anim using Guid(fe489de76ac03dc43bade6d53428438f) Importer(2089858483,b0f066a214c2f5e87bad3c948f4d605d) (ScriptedImporter) -> (artifact id: 'f7dc569586313d6919d1eddd0bc02dd4') in 0.0245332 seconds
Number of updated asset objects reloaded before import = 0Number of asset objects unloaded after import = 1

========================================================================
Received Import Request.
  Time since last request: 0.000020 seconds.
  path: Assets/Class 07th (Prefab System)/Prefabs/Button.prefab
  artifactKey: Guid(70727227bc7698d408202501b6368b9b) Importer(2089858483,b0f066a214c2f5e87bad3c948f4d605d)
Start importing Assets/Class 07th (Prefab System)/Prefabs/Button.prefab using Guid(70727227bc7698d408202501b6368b9b) Importer(2089858483,b0f066a214c2f5e87bad3c948f4d605d) (ScriptedImporter) -> (artifact id: '210c3a1e27f554f9c410cf1affaed1fa') in 0.0263113 seconds
Number of updated asset objects reloaded before import = 0Number of asset objects unloaded after import = 14

========================================================================
Received Import Request.
  Time since last request: 29.163762 seconds.
  path: Assets/Class 07th (Prefab System)/Animations/Highlighted.anim
  artifactKey: Guid(1dfb7fe473a006b44b677d1eba94e93a) Importer(2089858483,b0f066a214c2f5e87bad3c948f4d605d)
Start importing Assets/Class 07th (Prefab System)/Animations/Highlighted.anim using Guid(1dfb7fe473a006b44b677d1eba94e93a) Importer(2089858483,b0f066a214c2f5e87bad3c948f4d605d) (ScriptedImporter) -> (artifact id: 'b051b1384e2207cf3fef6baf3e40a18c') in 0.0118818 seconds
Number of updated asset objects reloaded before import = 0Number of asset objects unloaded after import = 1

========================================================================
Received Import Request.
  Time since last request: 13.285660 seconds.
  path: Assets/Class 07th (Prefab System)/Animators/Button.controller
  artifactKey: Guid(1ece910b92e4ec0458b20fe023fe6849) Importer(2089858483,b0f066a214c2f5e87bad3c948f4d605d)
Start importing Assets/Class 07th (Prefab System)/Animators/Button.controller using Guid(1ece910b92e4ec0458b20fe023fe6849) Importer(2089858483,b0f066a214c2f5e87bad3c948f4d605d) (ScriptedImporter) -> (artifact id: '170f15e2e0dbc7de88ff6158745adf1c') in 0.0113584 seconds
Number of updated asset objects reloaded before import = 0Number of asset objects unloaded after import = 6

========================================================================
Received Import Request.
  Time since last request: 0.207056 seconds.
  path: Assets/Class 07th (Prefab System)/Animations/Button Animation.anim
  artifactKey: Guid(fe489de76ac03dc43bade6d53428438f) Importer(815301076,1909f56bfc062723c751e8b465ee728b)
Start importing Assets/Class 07th (Prefab System)/Animations/Button Animation.anim using Guid(fe489de76ac03dc43bade6d53428438f) Importer(815301076,1909f56bfc062723c751e8b465ee728b) (PreviewImporter) -> (artifact id: 'da6a209ba0704f86a743f61278f15d70') in 0.0147014 seconds
Number of updated asset objects reloaded before import = 0Number of asset objects unloaded after import = 1

========================================================================
Received Import Request.
  Time since last request: 3.492942 seconds.
  path: Assets/Class 07th (Prefab System)/Animations/Normal.anim
  artifactKey: Guid(fe489de76ac03dc43bade6d53428438f) Importer(815301076,1909f56bfc062723c751e8b465ee728b)
Start importing Assets/Class 07th (Prefab System)/Animations/Normal.anim using Guid(fe489de76ac03dc43bade6d53428438f) Importer(815301076,1909f56bfc062723c751e8b465ee728b) (PreviewImporter) -> (artifact id: '197ba27950a3d57e1bcbe2a38045dc8f') in 0.0011099 seconds
Number of updated asset objects reloaded before import = 0Number of asset objects unloaded after import = 1

========================================================================
Received Import Request.
  Time since last request: 0.914729 seconds.
  path: Assets/Class 07th (Prefab System)/Animations/Normal.anim
  artifactKey: Guid(fe489de76ac03dc43bade6d53428438f) Importer(2089858483,b0f066a214c2f5e87bad3c948f4d605d)
Start importing Assets/Class 07th (Prefab System)/Animations/Normal.anim using Guid(fe489de76ac03dc43bade6d53428438f) Importer(2089858483,b0f066a214c2f5e87bad3c948f4d605d) (ScriptedImporter) -> (artifact id: '8db34fc7c6a0829e5f7adbe85c1f6f92') in 0.0121454 seconds
Number of updated asset objects reloaded before import = 0Number of asset objects unloaded after import = 1

========================================================================
Received Import Request.
  Time since last request: 0.693996 seconds.
  path: Assets/Class 07th (Prefab System)/Animations/Highlighted.anim
  artifactKey: Guid(1dfb7fe473a006b44b677d1eba94e93a) Importer(815301076,1909f56bfc062723c751e8b465ee728b)
Start importing Assets/Class 07th (Prefab System)/Animations/Highlighted.anim using Guid(1dfb7fe473a006b44b677d1eba94e93a) Importer(815301076,1909f56bfc062723c751e8b465ee728b) (PreviewImporter) -> (artifact id: '4676f4d146c508188d4972ecf8ae4d7f') in 0.0011504 seconds
Number of updated asset objects reloaded before import = 0Number of asset objects unloaded after import = 1

========================================================================
Received Import Request.
  Time since last request: 8.868452 seconds.
  path: Assets/Class 07th (Prefab System)/Animators/Button.controller
  artifactKey: Guid(1ece910b92e4ec0458b20fe023fe6849) Importer(815301076,1909f56bfc062723c751e8b465ee728b)
Start importing Assets/Class 07th (Prefab System)/Animators/Button.controller using Guid(1ece910b92e4ec0458b20fe023fe6849) Importer(815301076,1909f56bfc062723c751e8b465ee728b) (PreviewImporter) -> (artifact id: 'f7548a43633d7a991b1e04f187c37654') in 0.0016517 seconds
Number of updated asset objects reloaded before import = 0Number of asset objects unloaded after import = 6

========================================================================
Received Import Request.
  Time since last request: 31.889606 seconds.
  path: Assets/Class 07th (Prefab System)/Animations/New Animator Controller.controller
  artifactKey: Guid(1c07b2d4b2d959347b943ffde957247f) Importer(2089858483,b0f066a214c2f5e87bad3c948f4d605d)
Start importing Assets/Class 07th (Prefab System)/Animations/New Animator Controller.controller using Guid(1c07b2d4b2d959347b943ffde957247f) Importer(2089858483,b0f066a214c2f5e87bad3c948f4d605d) (ScriptedImporter) -> (artifact id: '26975f8627bab095c7d75500e19fa914') in 0.0104339 seconds
Number of updated asset objects reloaded before import = 0Number of asset objects unloaded after import = 1

========================================================================
Received Import Request.
  Time since last request: 5.581940 seconds.
  path: Assets/Class 07th (Prefab System)/Animations/New Animator Controller.controller
  artifactKey: Guid(1c07b2d4b2d959347b943ffde957247f) Importer(815301076,1909f56bfc062723c751e8b465ee728b)
Start importing Assets/Class 07th (Prefab System)/Animations/New Animator Controller.controller using Guid(1c07b2d4b2d959347b943ffde957247f) Importer(815301076,1909f56bfc062723c751e8b465ee728b) (PreviewImporter) -> (artifact id: 'd4a1810bdcd2b094e66a7ea9574de424') in 0.0010646 seconds
Number of updated asset objects reloaded before import = 0Number of asset objects unloaded after import = 1

========================================================================
Received Import Request.
  Time since last request: 7.624790 seconds.
  path: Assets/Class 07th (Prefab System)/Animations/Highlighted 1.anim
  artifactKey: Guid(2aa1a510316764f46832bc926dd277fe) Importer(815301076,1909f56bfc062723c751e8b465ee728b)
Start importing Assets/Class 07th (Prefab System)/Animations/Highlighted 1.anim using Guid(2aa1a510316764f46832bc926dd277fe) Importer(815301076,1909f56bfc062723c751e8b465ee728b) (PreviewImporter) -> (artifact id: '6fbb4d61bb63f29c09848b738160694b') in 0.0010541 seconds
Number of updated asset objects reloaded before import = 0Number of asset objects unloaded after import = 1

========================================================================
Received Import Request.
  Time since last request: 0.227339 seconds.
  path: Assets/Class 07th (Prefab System)/Animations/Highlighted 2.anim
  artifactKey: Guid(1d1d434a8f7f0414ab104e669a9b467f) Importer(815301076,1909f56bfc062723c751e8b465ee728b)
Start importing Assets/Class 07th (Prefab System)/Animations/Highlighted 2.anim using Guid(1d1d434a8f7f0414ab104e669a9b467f) Importer(815301076,1909f56bfc062723c751e8b465ee728b) (PreviewImporter) -> (artifact id: 'a725cc042865ccced7c48a97b7feea31') in 0.0011117 seconds
Number of updated asset objects reloaded before import = 0Number of asset objects unloaded after import = 1

========================================================================
Received Import Request.
  Time since last request: 0.909147 seconds.
  path: Assets/Class 07th (Prefab System)/Animations/Highlighted 1.anim
  artifactKey: Guid(2aa1a510316764f46832bc926dd277fe) Importer(2089858483,b0f066a214c2f5e87bad3c948f4d605d)
Start importing Assets/Class 07th (Prefab System)/Animations/Highlighted 1.anim using Guid(2aa1a510316764f46832bc926dd277fe) Importer(2089858483,b0f066a214c2f5e87bad3c948f4d605d) (ScriptedImporter) -> (artifact id: '8c10ae0c70290eecad392226a20d2439') in 0.0123944 seconds
Number of updated asset objects reloaded before import = 0Number of asset objects unloaded after import = 1

========================================================================
Received Import Request.
  Time since last request: 14.754141 seconds.
  path: Assets/Class 07th (Prefab System)/Animations/Pressed.anim
  artifactKey: Guid(2aa1a510316764f46832bc926dd277fe) Importer(815301076,1909f56bfc062723c751e8b465ee728b)
Start importing Assets/Class 07th (Prefab System)/Animations/Pressed.anim using Guid(2aa1a510316764f46832bc926dd277fe) Importer(815301076,1909f56bfc062723c751e8b465ee728b) (PreviewImporter) -> (artifact id: 'eb450b391518faf36997df08fa8f3e4d') in 0.0010635 seconds
Number of updated asset objects reloaded before import = 0Number of asset objects unloaded after import = 1

========================================================================
Received Import Request.
  Time since last request: 0.914010 seconds.
  path: Assets/Class 07th (Prefab System)/Animations/Pressed.anim
  artifactKey: Guid(2aa1a510316764f46832bc926dd277fe) Importer(2089858483,b0f066a214c2f5e87bad3c948f4d605d)
Start importing Assets/Class 07th (Prefab System)/Animations/Pressed.anim using Guid(2aa1a510316764f46832bc926dd277fe) Importer(2089858483,b0f066a214c2f5e87bad3c948f4d605d) (ScriptedImporter) -> (artifact id: 'e3d2d2ecd79e0f719105740453874a49') in 0.0138084 seconds
Number of updated asset objects reloaded before import = 0Number of asset objects unloaded after import = 1

========================================================================
Received Import Request.
  Time since last request: 6.685002 seconds.
  path: Assets/Class 07th (Prefab System)/Animations/Selected.anim
  artifactKey: Guid(1d1d434a8f7f0414ab104e669a9b467f) Importer(815301076,1909f56bfc062723c751e8b465ee728b)
Start importing Assets/Class 07th (Prefab System)/Animations/Selected.anim using Guid(1d1d434a8f7f0414ab104e669a9b467f) Importer(815301076,1909f56bfc062723c751e8b465ee728b) (PreviewImporter) -> (artifact id: '624baa120cb8bb76719f0e8cbc12f9f4') in 0.001144 seconds
Number of updated asset objects reloaded before import = 0Number of asset objects unloaded after import = 1

========================================================================
Received Import Request.
  Time since last request: 0.916424 seconds.
  path: Assets/Class 07th (Prefab System)/Animations/Selected.anim
  artifactKey: Guid(1d1d434a8f7f0414ab104e669a9b467f) Importer(2089858483,b0f066a214c2f5e87bad3c948f4d605d)
Start importing Assets/Class 07th (Prefab System)/Animations/Selected.anim using Guid(1d1d434a8f7f0414ab104e669a9b467f) Importer(2089858483,b0f066a214c2f5e87bad3c948f4d605d) (ScriptedImporter) -> (artifact id: '81e6533392158624cf538c700da151ab') in 0.0123148 seconds
Number of updated asset objects reloaded before import = 0Number of asset objects unloaded after import = 1

========================================================================
Received Import Request.
  Time since last request: 559.701164 seconds.
  path: Assets/Class 07th (Prefab System)/Animators/Button.controller
  artifactKey: Guid(1ece910b92e4ec0458b20fe023fe6849) Importer(2089858483,b0f066a214c2f5e87bad3c948f4d605d)
Start importing Assets/Class 07th (Prefab System)/Animators/Button.controller using Guid(1ece910b92e4ec0458b20fe023fe6849) Importer(2089858483,b0f066a214c2f5e87bad3c948f4d605d) (ScriptedImporter) -> (artifact id: '956ff2061d7b1c73fa552a85dbd525d5') in 0.0110062 seconds
Number of updated asset objects reloaded before import = 0Number of asset objects unloaded after import = 8

========================================================================
Received Import Request.
  Time since last request: 699.010959 seconds.
  path: Assets/Class 07th (Prefab System)/Animators/Button.controller
  artifactKey: Guid(1ece910b92e4ec0458b20fe023fe6849) Importer(815301076,1909f56bfc062723c751e8b465ee728b)
Start importing Assets/Class 07th (Prefab System)/Animators/Button.controller using Guid(1ece910b92e4ec0458b20fe023fe6849) Importer(815301076,1909f56bfc062723c751e8b465ee728b) (PreviewImporter) -> (artifact id: '73c965ab9331a9a4ef90e4fdfd2784c8') in 0.0020011 seconds
Number of updated asset objects reloaded before import = 0Number of asset objects unloaded after import = 8

========================================================================
Received Prepare
Begin MonoManager ReloadAssembly
[Licensing::Client] Successfully resolved entitlement details
- Loaded All Assemblies, in  0.870 seconds
Refreshing native plugins compatible for Editor in 2.51 ms, found 4 plugins.
Native extension for WindowsStandalone target not found
[Package Manager] Failed to launch server process. Reason: Unity was launched with the -noUpm command-line argument
[Package Manager] Unable to send message (not connected to server process).
[Package Manager] Cannot connect to Unity Package Manager local server
[Package Manager] Failed to launch server process. Reason: Unity was launched with the -noUpm command-line argument
[Package Manager] Unable to send message (not connected to server process).
[Package Manager] Cannot connect to Unity Package Manager local server
ScheduleIndexationOnStartup MainProcess:False IndexOnStartup:True
Mono: successfully reloaded assembly
- Finished resetting the current domain, in  0.845 seconds
Domain Reload Profiling: 1710ms
	BeginReloadAssembly (239ms)
		ExecutionOrderSort (0ms)
		DisableScriptedObjects (7ms)
		BackupInstance (0ms)
		ReleaseScriptingObjects (0ms)
		CreateAndSetChildDomain (64ms)
	RebuildCommonClasses (35ms)
	RebuildNativeTypeToScriptingClass (12ms)
	initialDomainReloadingComplete (34ms)
	LoadAllAssembliesAndSetupDomain (545ms)
		LoadAssemblies (472ms)
		RebuildTransferFunctionScriptingTraits (0ms)
		AnalyzeDomain (177ms)
			TypeCache.Refresh (7ms)
				TypeCache.ScanAssembly (0ms)
			BuildScriptInfoCaches (155ms)
			ResolveRequiredComponents (10ms)
	FinalizeReload (846ms)
		ReleaseScriptCaches (0ms)
		RebuildScriptCaches (0ms)
		SetupLoadedEditorAssemblies (698ms)
			LogAssemblyErrors (0ms)
			InitializePlatformSupportModulesInManaged (2ms)
			SetLoadedEditorAssemblies (5ms)
			BeforeProcessingInitializeOnLoad (219ms)
			ProcessInitializeOnLoadAttributes (386ms)
			ProcessInitializeOnLoadMethodAttributes (73ms)
			AfterProcessingInitializeOnLoad (12ms)
			EditorAssembliesLoaded (0ms)
		ExecutionOrderSort2 (0ms)
		AwakeInstancesAfterBackupRestoration (16ms)
Refreshing native plugins compatible for Editor in 3.61 ms, found 4 plugins.
Preloading 0 native plugins for Editor in 0.00 ms.
Unloading 16 Unused Serialized files (Serialized files now loaded: 0)
Unloading 6438 unused Assets / (3.9 MB). Loaded Objects now: 7268.
Memory consumption went from 155.3 MB to 151.4 MB.
Total: 8.967500 ms (FindLiveObjects: 0.644100 ms CreateObjectMapping: 0.737900 ms MarkObjects: 5.295200 ms  DeleteObjects: 2.289700 ms)

Prepare: number of updated asset objects reloaded= 0
========================================================================
Received Prepare
Begin MonoManager ReloadAssembly
[Licensing::Client] Successfully resolved entitlement details
- Loaded All Assemblies, in  0.808 seconds
Refreshing native plugins compatible for Editor in 2.54 ms, found 4 plugins.
Native extension for WindowsStandalone target not found
[Package Manager] Failed to launch server process. Reason: Unity was launched with the -noUpm command-line argument
[Package Manager] Unable to send message (not connected to server process).
[Package Manager] Cannot connect to Unity Package Manager local server
[Package Manager] Failed to launch server process. Reason: Unity was launched with the -noUpm command-line argument
[Package Manager] Unable to send message (not connected to server process).
[Package Manager] Cannot connect to Unity Package Manager local server
ScheduleIndexationOnStartup MainProcess:False IndexOnStartup:True
Mono: successfully reloaded assembly
- Finished resetting the current domain, in  0.864 seconds
Domain Reload Profiling: 1667ms
	BeginReloadAssembly (208ms)
		ExecutionOrderSort (0ms)
		DisableScriptedObjects (6ms)
		BackupInstance (0ms)
		ReleaseScriptingObjects (0ms)
		CreateAndSetChildDomain (44ms)
	RebuildCommonClasses (33ms)
	RebuildNativeTypeToScriptingClass (12ms)
	initialDomainReloadingComplete (35ms)
	LoadAllAssembliesAndSetupDomain (514ms)
		LoadAssemblies (434ms)
		RebuildTransferFunctionScriptingTraits (0ms)
		AnalyzeDomain (178ms)
			TypeCache.Refresh (7ms)
				TypeCache.ScanAssembly (0ms)
			BuildScriptInfoCaches (155ms)
			ResolveRequiredComponents (9ms)
	FinalizeReload (865ms)
		ReleaseScriptCaches (0ms)
		RebuildScriptCaches (0ms)
		SetupLoadedEditorAssemblies (696ms)
			LogAssemblyErrors (0ms)
			InitializePlatformSupportModulesInManaged (2ms)
			SetLoadedEditorAssemblies (5ms)
			BeforeProcessingInitializeOnLoad (221ms)
			ProcessInitializeOnLoadAttributes (383ms)
			ProcessInitializeOnLoadMethodAttributes (72ms)
			AfterProcessingInitializeOnLoad (12ms)
			EditorAssembliesLoaded (0ms)
		ExecutionOrderSort2 (0ms)
		AwakeInstancesAfterBackupRestoration (16ms)
Refreshing native plugins compatible for Editor in 2.93 ms, found 4 plugins.
Preloading 0 native plugins for Editor in 0.00 ms.
Unloading 16 Unused Serialized files (Serialized files now loaded: 0)
Unloading 6438 unused Assets / (4.0 MB). Loaded Objects now: 7271.
Memory consumption went from 155.3 MB to 151.4 MB.
Total: 9.270400 ms (FindLiveObjects: 0.799900 ms CreateObjectMapping: 0.761500 ms MarkObjects: 5.527100 ms  DeleteObjects: 2.181300 ms)

Prepare: number of updated asset objects reloaded= 0
========================================================================
Received Prepare
Begin MonoManager ReloadAssembly
- Loaded All Assemblies, in  0.794 seconds
Refreshing native plugins compatible for Editor in 2.53 ms, found 4 plugins.
Native extension for WindowsStandalone target not found
[Package Manager] Failed to launch server process. Reason: Unity was launched with the -noUpm command-line argument
[Package Manager] Unable to send message (not connected to server process).
[Package Manager] Cannot connect to Unity Package Manager local server
[Package Manager] Failed to launch server process. Reason: Unity was launched with the -noUpm command-line argument
[Package Manager] Unable to send message (not connected to server process).
[Package Manager] Cannot connect to Unity Package Manager local server
ScheduleIndexationOnStartup MainProcess:False IndexOnStartup:True
Mono: successfully reloaded assembly
- Finished resetting the current domain, in  0.832 seconds
Domain Reload Profiling: 1620ms
	BeginReloadAssembly (200ms)
		ExecutionOrderSort (0ms)
		DisableScriptedObjects (6ms)
		BackupInstance (0ms)
		ReleaseScriptingObjects (0ms)
		CreateAndSetChildDomain (40ms)
	RebuildCommonClasses (33ms)
	RebuildNativeTypeToScriptingClass (11ms)
	initialDomainReloadingComplete (33ms)
	LoadAllAssembliesAndSetupDomain (510ms)
		LoadAssemblies (428ms)
		RebuildTransferFunctionScriptingTraits (0ms)
		AnalyzeDomain (177ms)
			TypeCache.Refresh (8ms)
				TypeCache.ScanAssembly (0ms)
			BuildScriptInfoCaches (154ms)
			ResolveRequiredComponents (9ms)
	FinalizeReload (832ms)
		ReleaseScriptCaches (0ms)
		RebuildScriptCaches (0ms)
		SetupLoadedEditorAssemblies (678ms)
			LogAssemblyErrors (0ms)
			InitializePlatformSupportModulesInManaged (2ms)
			SetLoadedEditorAssemblies (5ms)
			BeforeProcessingInitializeOnLoad (212ms)
			ProcessInitializeOnLoadAttributes (375ms)
			ProcessInitializeOnLoadMethodAttributes (72ms)
			AfterProcessingInitializeOnLoad (12ms)
			EditorAssembliesLoaded (0ms)
		ExecutionOrderSort2 (0ms)
		AwakeInstancesAfterBackupRestoration (17ms)
Refreshing native plugins compatible for Editor in 2.42 ms, found 4 plugins.
Preloading 0 native plugins for Editor in 0.00 ms.
Unloading 16 Unused Serialized files (Serialized files now loaded: 0)
Unloading 6438 unused Assets / (3.9 MB). Loaded Objects now: 7274.
Memory consumption went from 155.4 MB to 151.5 MB.
Total: 8.212000 ms (FindLiveObjects: 0.672300 ms CreateObjectMapping: 0.422400 ms MarkObjects: 5.250800 ms  DeleteObjects: 1.865800 ms)

Prepare: number of updated asset objects reloaded= 0
========================================================================
Received Import Request.
  Time since last request: 225.655342 seconds.
  path: Assets/Class 07th (Prefab System)/Animations/New Animation.anim
  artifactKey: Guid(d923ce6561a7d5e4dbcb0f57223e9eb8) Importer(815301076,1909f56bfc062723c751e8b465ee728b)
Start importing Assets/Class 07th (Prefab System)/Animations/New Animation.anim using Guid(d923ce6561a7d5e4dbcb0f57223e9eb8) Importer(815301076,1909f56bfc062723c751e8b465ee728b) (PreviewImporter) -> (artifact id: 'dfe36c1ff9c7659c0dc135a46a7c4479') in 0.0463594 seconds
Number of updated asset objects reloaded before import = 0Number of asset objects unloaded after import = 1

========================================================================
Received Import Request.
  Time since last request: 0.878793 seconds.
  path: Assets/Class 07th (Prefab System)/Animations/New Animation.anim
  artifactKey: Guid(d923ce6561a7d5e4dbcb0f57223e9eb8) Importer(2089858483,b0f066a214c2f5e87bad3c948f4d605d)
Start importing Assets/Class 07th (Prefab System)/Animations/New Animation.anim using Guid(d923ce6561a7d5e4dbcb0f57223e9eb8) Importer(2089858483,b0f066a214c2f5e87bad3c948f4d605d) (ScriptedImporter) -> (artifact id: 'cf76a05edb480e159c63f28cc4f8a088') in 0.0759083 seconds
Number of updated asset objects reloaded before import = 0Number of asset objects unloaded after import = 1

========================================================================
Received Import Request.
  Time since last request: 4.849976 seconds.
  path: Assets/Class 07th (Prefab System)/Animations/Normal.anim
  artifactKey: Guid(d923ce6561a7d5e4dbcb0f57223e9eb8) Importer(815301076,1909f56bfc062723c751e8b465ee728b)
Start importing Assets/Class 07th (Prefab System)/Animations/Normal.anim using Guid(d923ce6561a7d5e4dbcb0f57223e9eb8) Importer(815301076,1909f56bfc062723c751e8b465ee728b) (PreviewImporter) -> (artifact id: '335fb1ea19a664b647dc149c44378561') in 0.0010857 seconds
Number of updated asset objects reloaded before import = 0Number of asset objects unloaded after import = 1

========================================================================
Received Import Request.
  Time since last request: 0.912404 seconds.
  path: Assets/Class 07th (Prefab System)/Animations/Normal.anim
  artifactKey: Guid(d923ce6561a7d5e4dbcb0f57223e9eb8) Importer(2089858483,b0f066a214c2f5e87bad3c948f4d605d)
Start importing Assets/Class 07th (Prefab System)/Animations/Normal.anim using Guid(d923ce6561a7d5e4dbcb0f57223e9eb8) Importer(2089858483,b0f066a214c2f5e87bad3c948f4d605d) (ScriptedImporter) -> (artifact id: 'f3b9b8703f7c2985d6ec36ef6d7fca8e') in 0.0135868 seconds
Number of updated asset objects reloaded before import = 0Number of asset objects unloaded after import = 1

========================================================================
Received Prepare
Begin MonoManager ReloadAssembly
[Licensing::Client] Successfully resolved entitlement details
- Loaded All Assemblies, in  0.807 seconds
Refreshing native plugins compatible for Editor in 3.08 ms, found 4 plugins.
Native extension for WindowsStandalone target not found
[Package Manager] Failed to launch server process. Reason: Unity was launched with the -noUpm command-line argument
[Package Manager] Unable to send message (not connected to server process).
[Package Manager] Cannot connect to Unity Package Manager local server
[Package Manager] Failed to launch server process. Reason: Unity was launched with the -noUpm command-line argument
[Package Manager] Unable to send message (not connected to server process).
[Package Manager] Cannot connect to Unity Package Manager local server
ScheduleIndexationOnStartup MainProcess:False IndexOnStartup:True
Mono: successfully reloaded assembly
- Finished resetting the current domain, in  0.808 seconds
Domain Reload Profiling: 1609ms
	BeginReloadAssembly (207ms)
		ExecutionOrderSort (0ms)
		DisableScriptedObjects (6ms)
		BackupInstance (0ms)
		ReleaseScriptingObjects (0ms)
		CreateAndSetChildDomain (43ms)
	RebuildCommonClasses (34ms)
	RebuildNativeTypeToScriptingClass (12ms)
	initialDomainReloadingComplete (35ms)
	LoadAllAssembliesAndSetupDomain (513ms)
		LoadAssemblies (431ms)
		RebuildTransferFunctionScriptingTraits (0ms)
		AnalyzeDomain (180ms)
			TypeCache.Refresh (7ms)
				TypeCache.ScanAssembly (0ms)
			BuildScriptInfoCaches (159ms)
			ResolveRequiredComponents (10ms)
	FinalizeReload (808ms)
		ReleaseScriptCaches (0ms)
		RebuildScriptCaches (0ms)
		SetupLoadedEditorAssemblies (658ms)
			LogAssemblyErrors (0ms)
			InitializePlatformSupportModulesInManaged (2ms)
			SetLoadedEditorAssemblies (5ms)
			BeforeProcessingInitializeOnLoad (201ms)
			ProcessInitializeOnLoadAttributes (369ms)
			ProcessInitializeOnLoadMethodAttributes (70ms)
			AfterProcessingInitializeOnLoad (11ms)
			EditorAssembliesLoaded (0ms)
		ExecutionOrderSort2 (0ms)
		AwakeInstancesAfterBackupRestoration (16ms)
Refreshing native plugins compatible for Editor in 2.95 ms, found 4 plugins.
Preloading 0 native plugins for Editor in 0.00 ms.
Unloading 16 Unused Serialized files (Serialized files now loaded: 0)
Unloading 6438 unused Assets / (3.8 MB). Loaded Objects now: 7277.
Memory consumption went from 155.4 MB to 151.7 MB.
Total: 8.909100 ms (FindLiveObjects: 0.743100 ms CreateObjectMapping: 0.704000 ms MarkObjects: 5.221700 ms  DeleteObjects: 2.239600 ms)

Prepare: number of updated asset objects reloaded= 0
========================================================================
Received Prepare
Begin MonoManager ReloadAssembly
[Licensing::Client] Successfully resolved entitlement details
- Loaded All Assemblies, in  0.789 seconds
Refreshing native plugins compatible for Editor in 2.41 ms, found 4 plugins.
Native extension for WindowsStandalone target not found
[Package Manager] Failed to launch server process. Reason: Unity was launched with the -noUpm command-line argument
[Package Manager] Unable to send message (not connected to server process).
[Package Manager] Cannot connect to Unity Package Manager local server
[Package Manager] Failed to launch server process. Reason: Unity was launched with the -noUpm command-line argument
[Package Manager] Unable to send message (not connected to server process).
[Package Manager] Cannot connect to Unity Package Manager local server
ScheduleIndexationOnStartup MainProcess:False IndexOnStartup:True
Mono: successfully reloaded assembly
- Finished resetting the current domain, in  0.806 seconds
Domain Reload Profiling: 1591ms
	BeginReloadAssembly (199ms)
		ExecutionOrderSort (0ms)
		DisableScriptedObjects (6ms)
		BackupInstance (0ms)
		ReleaseScriptingObjects (0ms)
		CreateAndSetChildDomain (41ms)
	RebuildCommonClasses (32ms)
	RebuildNativeTypeToScriptingClass (12ms)
	initialDomainReloadingComplete (35ms)
	LoadAllAssembliesAndSetupDomain (507ms)
		LoadAssemblies (426ms)
		RebuildTransferFunctionScriptingTraits (0ms)
		AnalyzeDomain (172ms)
			TypeCache.Refresh (7ms)
				TypeCache.ScanAssembly (0ms)
			BuildScriptInfoCaches (152ms)
			ResolveRequiredComponents (9ms)
	FinalizeReload (807ms)
		ReleaseScriptCaches (0ms)
		RebuildScriptCaches (0ms)
		SetupLoadedEditorAssemblies (664ms)
			LogAssemblyErrors (0ms)
			InitializePlatformSupportModulesInManaged (1ms)
			SetLoadedEditorAssemblies (4ms)
			BeforeProcessingInitializeOnLoad (198ms)
			ProcessInitializeOnLoadAttributes (374ms)
			ProcessInitializeOnLoadMethodAttributes (73ms)
			AfterProcessingInitializeOnLoad (12ms)
			EditorAssembliesLoaded (0ms)
		ExecutionOrderSort2 (0ms)
		AwakeInstancesAfterBackupRestoration (16ms)
Refreshing native plugins compatible for Editor in 2.74 ms, found 4 plugins.
Preloading 0 native plugins for Editor in 0.00 ms.
Unloading 16 Unused Serialized files (Serialized files now loaded: 0)
Unloading 6438 unused Assets / (3.7 MB). Loaded Objects now: 7280.
Memory consumption went from 155.5 MB to 151.8 MB.
Total: 7.839500 ms (FindLiveObjects: 0.691200 ms CreateObjectMapping: 0.367600 ms MarkObjects: 4.879600 ms  DeleteObjects: 1.900600 ms)

Prepare: number of updated asset objects reloaded= 0
========================================================================
Received Prepare
Begin MonoManager ReloadAssembly
[Licensing::Client] Successfully resolved entitlement details
- Loaded All Assemblies, in  0.791 seconds
Refreshing native plugins compatible for Editor in 2.63 ms, found 4 plugins.
Native extension for WindowsStandalone target not found
[Package Manager] Failed to launch server process. Reason: Unity was launched with the -noUpm command-line argument
[Package Manager] Unable to send message (not connected to server process).
[Package Manager] Cannot connect to Unity Package Manager local server
[Package Manager] Failed to launch server process. Reason: Unity was launched with the -noUpm command-line argument
[Package Manager] Unable to send message (not connected to server process).
[Package Manager] Cannot connect to Unity Package Manager local server
ScheduleIndexationOnStartup MainProcess:False IndexOnStartup:True
Mono: successfully reloaded assembly
- Finished resetting the current domain, in  0.826 seconds
Domain Reload Profiling: 1612ms
	BeginReloadAssembly (201ms)
		ExecutionOrderSort (0ms)
		DisableScriptedObjects (6ms)
		BackupInstance (0ms)
		ReleaseScriptingObjects (0ms)
		CreateAndSetChildDomain (39ms)
	RebuildCommonClasses (34ms)
	RebuildNativeTypeToScriptingClass (11ms)
	initialDomainReloadingComplete (34ms)
	LoadAllAssembliesAndSetupDomain (505ms)
		LoadAssemblies (426ms)
		RebuildTransferFunctionScriptingTraits (0ms)
		AnalyzeDomain (173ms)
			TypeCache.Refresh (8ms)
				TypeCache.ScanAssembly (0ms)
			BuildScriptInfoCaches (152ms)
			ResolveRequiredComponents (9ms)
	FinalizeReload (826ms)
		ReleaseScriptCaches (0ms)
		RebuildScriptCaches (0ms)
		SetupLoadedEditorAssemblies (670ms)
			LogAssemblyErrors (0ms)
			InitializePlatformSupportModulesInManaged (2ms)
			SetLoadedEditorAssemblies (6ms)
			BeforeProcessingInitializeOnLoad (207ms)
			ProcessInitializeOnLoadAttributes (374ms)
			ProcessInitializeOnLoadMethodAttributes (68ms)
			AfterProcessingInitializeOnLoad (12ms)
			EditorAssembliesLoaded (0ms)
		ExecutionOrderSort2 (0ms)
		AwakeInstancesAfterBackupRestoration (17ms)
Refreshing native plugins compatible for Editor in 2.90 ms, found 4 plugins.
Preloading 0 native plugins for Editor in 0.00 ms.
Unloading 16 Unused Serialized files (Serialized files now loaded: 0)
Unloading 6438 unused Assets / (3.9 MB). Loaded Objects now: 7283.
Memory consumption went from 155.5 MB to 151.7 MB.
Total: 7.338000 ms (FindLiveObjects: 0.691200 ms CreateObjectMapping: 0.314700 ms MarkObjects: 4.425900 ms  DeleteObjects: 1.905600 ms)

Prepare: number of updated asset objects reloaded= 0
========================================================================
Received Prepare
Begin MonoManager ReloadAssembly
- Loaded All Assemblies, in  0.785 seconds
Refreshing native plugins compatible for Editor in 2.41 ms, found 4 plugins.
Native extension for WindowsStandalone target not found
[Package Manager] Failed to launch server process. Reason: Unity was launched with the -noUpm command-line argument
[Package Manager] Unable to send message (not connected to server process).
[Package Manager] Cannot connect to Unity Package Manager local server
[Package Manager] Failed to launch server process. Reason: Unity was launched with the -noUpm command-line argument
[Package Manager] Unable to send message (not connected to server process).
[Package Manager] Cannot connect to Unity Package Manager local server
ScheduleIndexationOnStartup MainProcess:False IndexOnStartup:True
Mono: successfully reloaded assembly
- Finished resetting the current domain, in  0.821 seconds
Domain Reload Profiling: 1600ms
	BeginReloadAssembly (186ms)
		ExecutionOrderSort (0ms)
		DisableScriptedObjects (6ms)
		BackupInstance (0ms)
		ReleaseScriptingObjects (0ms)
		CreateAndSetChildDomain (38ms)
	RebuildCommonClasses (34ms)
	RebuildNativeTypeToScriptingClass (11ms)
	initialDomainReloadingComplete (35ms)
	LoadAllAssembliesAndSetupDomain (512ms)
		LoadAssemblies (417ms)
		RebuildTransferFunctionScriptingTraits (0ms)
		AnalyzeDomain (182ms)
			TypeCache.Refresh (8ms)
				TypeCache.ScanAssembly (0ms)
			BuildScriptInfoCaches (159ms)
			ResolveRequiredComponents (10ms)
	FinalizeReload (821ms)
		ReleaseScriptCaches (0ms)
		RebuildScriptCaches (0ms)
		SetupLoadedEditorAssemblies (672ms)
			LogAssemblyErrors (0ms)
			InitializePlatformSupportModulesInManaged (1ms)
			SetLoadedEditorAssemblies (5ms)
			BeforeProcessingInitializeOnLoad (204ms)
			ProcessInitializeOnLoadAttributes (378ms)
			ProcessInitializeOnLoadMethodAttributes (71ms)
			AfterProcessingInitializeOnLoad (12ms)
			EditorAssembliesLoaded (0ms)
		ExecutionOrderSort2 (0ms)
		AwakeInstancesAfterBackupRestoration (16ms)
Refreshing native plugins compatible for Editor in 2.67 ms, found 4 plugins.
Preloading 0 native plugins for Editor in 0.00 ms.
Unloading 16 Unused Serialized files (Serialized files now loaded: 0)
Unloading 6438 unused Assets / (3.9 MB). Loaded Objects now: 7286.
Memory consumption went from 155.6 MB to 151.7 MB.
Total: 7.716000 ms (FindLiveObjects: 0.640700 ms CreateObjectMapping: 0.295200 ms MarkObjects: 4.882200 ms  DeleteObjects: 1.897200 ms)

Prepare: number of updated asset objects reloaded= 0
========================================================================
Received Prepare
Begin MonoManager ReloadAssembly
[Licensing::Client] Successfully resolved entitlement details
- Loaded All Assemblies, in  0.792 seconds
Refreshing native plugins compatible for Editor in 2.85 ms, found 4 plugins.
Native extension for WindowsStandalone target not found
[Package Manager] Failed to launch server process. Reason: Unity was launched with the -noUpm command-line argument
[Package Manager] Unable to send message (not connected to server process).
[Package Manager] Cannot connect to Unity Package Manager local server
[Package Manager] Failed to launch server process. Reason: Unity was launched with the -noUpm command-line argument
[Package Manager] Unable to send message (not connected to server process).
[Package Manager] Cannot connect to Unity Package Manager local server
ScheduleIndexationOnStartup MainProcess:False IndexOnStartup:True
Mono: successfully reloaded assembly
- Finished resetting the current domain, in  0.833 seconds
Domain Reload Profiling: 1621ms
	BeginReloadAssembly (193ms)
		ExecutionOrderSort (0ms)
		DisableScriptedObjects (6ms)
		BackupInstance (0ms)
		ReleaseScriptingObjects (0ms)
		CreateAndSetChildDomain (37ms)
	RebuildCommonClasses (36ms)
	RebuildNativeTypeToScriptingClass (12ms)
	initialDomainReloadingComplete (34ms)
	LoadAllAssembliesAndSetupDomain (513ms)
		LoadAssemblies (424ms)
		RebuildTransferFunctionScriptingTraits (0ms)
		AnalyzeDomain (180ms)
			TypeCache.Refresh (9ms)
				TypeCache.ScanAssembly (0ms)
			BuildScriptInfoCaches (158ms)
			ResolveRequiredComponents (10ms)
	FinalizeReload (834ms)
		ReleaseScriptCaches (0ms)
		RebuildScriptCaches (0ms)
		SetupLoadedEditorAssemblies (684ms)
			LogAssemblyErrors (0ms)
			InitializePlatformSupportModulesInManaged (1ms)
			SetLoadedEditorAssemblies (5ms)
			BeforeProcessingInitializeOnLoad (214ms)
			ProcessInitializeOnLoadAttributes (378ms)
			ProcessInitializeOnLoadMethodAttributes (72ms)
			AfterProcessingInitializeOnLoad (13ms)
			EditorAssembliesLoaded (0ms)
		ExecutionOrderSort2 (0ms)
		AwakeInstancesAfterBackupRestoration (17ms)
Refreshing native plugins compatible for Editor in 2.91 ms, found 4 plugins.
Preloading 0 native plugins for Editor in 0.00 ms.
Unloading 16 Unused Serialized files (Serialized files now loaded: 0)
Unloading 6438 unused Assets / (3.7 MB). Loaded Objects now: 7289.
Memory consumption went from 155.6 MB to 151.9 MB.
Total: 8.370000 ms (FindLiveObjects: 0.682900 ms CreateObjectMapping: 0.315300 ms MarkObjects: 4.962800 ms  DeleteObjects: 2.408300 ms)

Prepare: number of updated asset objects reloaded= 0
========================================================================
Received Prepare
Begin MonoManager ReloadAssembly
- Loaded All Assemblies, in  0.798 seconds
Refreshing native plugins compatible for Editor in 2.51 ms, found 4 plugins.
Native extension for WindowsStandalone target not found
[Package Manager] Failed to launch server process. Reason: Unity was launched with the -noUpm command-line argument
[Package Manager] Unable to send message (not connected to server process).
[Package Manager] Cannot connect to Unity Package Manager local server
[Package Manager] Failed to launch server process. Reason: Unity was launched with the -noUpm command-line argument
[Package Manager] Unable to send message (not connected to server process).
[Package Manager] Cannot connect to Unity Package Manager local server
ScheduleIndexationOnStartup MainProcess:False IndexOnStartup:True
Mono: successfully reloaded assembly
- Finished resetting the current domain, in  0.810 seconds
Domain Reload Profiling: 1602ms
	BeginReloadAssembly (190ms)
		ExecutionOrderSort (0ms)
		DisableScriptedObjects (6ms)
		BackupInstance (0ms)
		ReleaseScriptingObjects (0ms)
		CreateAndSetChildDomain (37ms)
	RebuildCommonClasses (33ms)
	RebuildNativeTypeToScriptingClass (12ms)
	initialDomainReloadingComplete (36ms)
	LoadAllAssembliesAndSetupDomain (520ms)
		LoadAssemblies (430ms)
		RebuildTransferFunctionScriptingTraits (0ms)
		AnalyzeDomain (180ms)
			TypeCache.Refresh (7ms)
				TypeCache.ScanAssembly (0ms)
			BuildScriptInfoCaches (158ms)
			ResolveRequiredComponents (11ms)
	FinalizeReload (810ms)
		ReleaseScriptCaches (0ms)
		RebuildScriptCaches (0ms)
		SetupLoadedEditorAssemblies (659ms)
			LogAssemblyErrors (0ms)
			InitializePlatformSupportModulesInManaged (2ms)
			SetLoadedEditorAssemblies (8ms)
			BeforeProcessingInitializeOnLoad (198ms)
			ProcessInitializeOnLoadAttributes (370ms)
			ProcessInitializeOnLoadMethodAttributes (70ms)
			AfterProcessingInitializeOnLoad (10ms)
			EditorAssembliesLoaded (0ms)
		ExecutionOrderSort2 (0ms)
		AwakeInstancesAfterBackupRestoration (15ms)
Refreshing native plugins compatible for Editor in 2.97 ms, found 4 plugins.
Preloading 0 native plugins for Editor in 0.00 ms.
Unloading 16 Unused Serialized files (Serialized files now loaded: 0)
Unloading 6438 unused Assets / (3.8 MB). Loaded Objects now: 7292.
Memory consumption went from 155.7 MB to 151.9 MB.
Total: 8.347800 ms (FindLiveObjects: 0.845000 ms CreateObjectMapping: 0.655900 ms MarkObjects: 5.097100 ms  DeleteObjects: 1.749300 ms)

Prepare: number of updated asset objects reloaded= 0
========================================================================
Received Prepare
Begin MonoManager ReloadAssembly
[Licensing::Client] Successfully resolved entitlement details
- Loaded All Assemblies, in  0.799 seconds
Refreshing native plugins compatible for Editor in 2.81 ms, found 4 plugins.
Native extension for WindowsStandalone target not found
[Package Manager] Failed to launch server process. Reason: Unity was launched with the -noUpm command-line argument
[Package Manager] Unable to send message (not connected to server process).
[Package Manager] Cannot connect to Unity Package Manager local server
[Package Manager] Failed to launch server process. Reason: Unity was launched with the -noUpm command-line argument
[Package Manager] Unable to send message (not connected to server process).
[Package Manager] Cannot connect to Unity Package Manager local server
ScheduleIndexationOnStartup MainProcess:False IndexOnStartup:True
Mono: successfully reloaded assembly
- Finished resetting the current domain, in  0.813 seconds
Domain Reload Profiling: 1606ms
	BeginReloadAssembly (199ms)
		ExecutionOrderSort (0ms)
		DisableScriptedObjects (7ms)
		BackupInstance (0ms)
		ReleaseScriptingObjects (0ms)
		CreateAndSetChildDomain (40ms)
	RebuildCommonClasses (32ms)
	RebuildNativeTypeToScriptingClass (12ms)
	initialDomainReloadingComplete (34ms)
	LoadAllAssembliesAndSetupDomain (516ms)
		LoadAssemblies (428ms)
		RebuildTransferFunctionScriptingTraits (0ms)
		AnalyzeDomain (181ms)
			TypeCache.Refresh (8ms)
				TypeCache.ScanAssembly (0ms)
			BuildScriptInfoCaches (160ms)
			ResolveRequiredComponents (9ms)
	FinalizeReload (813ms)
		ReleaseScriptCaches (0ms)
		RebuildScriptCaches (0ms)
		SetupLoadedEditorAssemblies (665ms)
			LogAssemblyErrors (0ms)
			InitializePlatformSupportModulesInManaged (1ms)
			SetLoadedEditorAssemblies (5ms)
			BeforeProcessingInitializeOnLoad (198ms)
			ProcessInitializeOnLoadAttributes (375ms)
			ProcessInitializeOnLoadMethodAttributes (73ms)
			AfterProcessingInitializeOnLoad (13ms)
			EditorAssembliesLoaded (0ms)
		ExecutionOrderSort2 (0ms)
		AwakeInstancesAfterBackupRestoration (16ms)
Refreshing native plugins compatible for Editor in 3.08 ms, found 4 plugins.
Preloading 0 native plugins for Editor in 0.00 ms.
Unloading 16 Unused Serialized files (Serialized files now loaded: 0)
Unloading 6438 unused Assets / (3.8 MB). Loaded Objects now: 7295.
Memory consumption went from 155.7 MB to 151.9 MB.
Total: 7.591300 ms (FindLiveObjects: 0.759100 ms CreateObjectMapping: 0.501900 ms MarkObjects: 4.523600 ms  DeleteObjects: 1.806100 ms)

Prepare: number of updated asset objects reloaded= 0
========================================================================
Received Import Request.
  Time since last request: 657.048214 seconds.
  path: Assets/Class 07th (Prefab System)/Animations/Selected.anim
  artifactKey: Guid(1d1d434a8f7f0414ab104e669a9b467f) Importer(2089858483,b0f066a214c2f5e87bad3c948f4d605d)
Start importing Assets/Class 07th (Prefab System)/Animations/Selected.anim using Guid(1d1d434a8f7f0414ab104e669a9b467f) Importer(2089858483,b0f066a214c2f5e87bad3c948f4d605d) (ScriptedImporter) -> (artifact id: 'eb76c3cbe02c2ab19b10c40e067e748f') in 0.143245 seconds
Number of updated asset objects reloaded before import = 0Number of asset objects unloaded after import = 1

========================================================================
Received Import Request.
  Time since last request: 0.000021 seconds.
  path: Assets/Class 07th (Prefab System)/Animations/Highlighted.anim
  artifactKey: Guid(1dfb7fe473a006b44b677d1eba94e93a) Importer(2089858483,b0f066a214c2f5e87bad3c948f4d605d)
Start importing Assets/Class 07th (Prefab System)/Animations/Highlighted.anim using Guid(1dfb7fe473a006b44b677d1eba94e93a) Importer(2089858483,b0f066a214c2f5e87bad3c948f4d605d) (ScriptedImporter) -> (artifact id: '75473af5a7ff0f23d0d764ed970931b0') in 0.0150151 seconds
Number of updated asset objects reloaded before import = 0Number of asset objects unloaded after import = 1

========================================================================
Received Import Request.
  Time since last request: 0.000021 seconds.
  path: Assets/Class 07th (Prefab System)/Animators/Button.controller
  artifactKey: Guid(1ece910b92e4ec0458b20fe023fe6849) Importer(2089858483,b0f066a214c2f5e87bad3c948f4d605d)
Start importing Assets/Class 07th (Prefab System)/Animators/Button.controller using Guid(1ece910b92e4ec0458b20fe023fe6849) Importer(2089858483,b0f066a214c2f5e87bad3c948f4d605d) (ScriptedImporter) -> (artifact id: '7e17234b2b3a71186e06b70df0f4c0fd') in 0.0157937 seconds
Number of updated asset objects reloaded before import = 0Number of asset objects unloaded after import = 14

========================================================================
Received Import Request.
  Time since last request: 15.686570 seconds.
  path: Assets/Class 08th(Phisix
  artifactKey: Guid(3a56f7adaf3473e4f98f9c1c53555cd4) Importer(2089858483,b0f066a214c2f5e87bad3c948f4d605d)
Start importing Assets/Class 08th(Phisix using Guid(3a56f7adaf3473e4f98f9c1c53555cd4) Importer(2089858483,b0f066a214c2f5e87bad3c948f4d605d) (ScriptedImporter) -> (artifact id: '98f241f7c34d8e87f7c60bc823929a36') in 0.0113671 seconds
Number of updated asset objects reloaded before import = 0Number of asset objects unloaded after import = 1

========================================================================
Received Import Request.
  Time since last request: 8.856650 seconds.
  path: Assets/Class 08th(Phisix
  artifactKey: Guid(3a56f7adaf3473e4f98f9c1c53555cd4) Importer(815301076,1909f56bfc062723c751e8b465ee728b)
Start importing Assets/Class 08th(Phisix using Guid(3a56f7adaf3473e4f98f9c1c53555cd4) Importer(815301076,1909f56bfc062723c751e8b465ee728b) (PreviewImporter) -> (artifact id: '9aa2f4ce8dd2277a83f5f2b3736741fc') in 0.0005761 seconds
Number of updated asset objects reloaded before import = 0Number of asset objects unloaded after import = 0

========================================================================
Received Import Request.
  Time since last request: 16.267408 seconds.
  path: Assets/Class 08th(Physics System)
  artifactKey: Guid(3a56f7adaf3473e4f98f9c1c53555cd4) Importer(815301076,1909f56bfc062723c751e8b465ee728b)
Start importing Assets/Class 08th(Physics System) using Guid(3a56f7adaf3473e4f98f9c1c53555cd4) Importer(815301076,1909f56bfc062723c751e8b465ee728b) (PreviewImporter) -> (artifact id: 'e71dc84fdc64998afdb2cfea746f95fc') in 0.0005054 seconds
Number of updated asset objects reloaded before import = 0Number of asset objects unloaded after import = 0

========================================================================
Received Import Request.
  Time since last request: 0.909036 seconds.
  path: Assets/Class 08th(Physics System)
  artifactKey: Guid(3a56f7adaf3473e4f98f9c1c53555cd4) Importer(2089858483,b0f066a214c2f5e87bad3c948f4d605d)
Start importing Assets/Class 08th(Physics System) using Guid(3a56f7adaf3473e4f98f9c1c53555cd4) Importer(2089858483,b0f066a214c2f5e87bad3c948f4d605d) (ScriptedImporter) -> (artifact id: 'bf0f10bfd49a724f40665aaec3a14f1d') in 0.0102941 seconds
Number of updated asset objects reloaded before import = 0Number of asset objects unloaded after import = 1

========================================================================
Received Import Request.
  Time since last request: 4.606631 seconds.
  path: Assets/Class 08th(Physics System)/New Scene.unity
  artifactKey: Guid(76a26408515a5fa458d4c596a10caaf5) Importer(815301076,1909f56bfc062723c751e8b465ee728b)
Start importing Assets/Class 08th(Physics System)/New Scene.unity using Guid(76a26408515a5fa458d4c596a10caaf5) Importer(815301076,1909f56bfc062723c751e8b465ee728b) (PreviewImporter) -> (artifact id: '697f20f4fc8eb5f5850c7301c23cca5a') in 0.0005734 seconds
Number of updated asset objects reloaded before import = 0Number of asset objects unloaded after import = 0

========================================================================
Received Import Request.
  Time since last request: 1.272306 seconds.
  path: Assets/Class 08th(Physics System)/New Scene.unity
  artifactKey: Guid(76a26408515a5fa458d4c596a10caaf5) Importer(2089858483,b0f066a214c2f5e87bad3c948f4d605d)
Start importing Assets/Class 08th(Physics System)/New Scene.unity using Guid(76a26408515a5fa458d4c596a10caaf5) Importer(2089858483,b0f066a214c2f5e87bad3c948f4d605d) (ScriptedImporter) -> (artifact id: 'f8c42808ad48ea6d359c35714dfe6421') in 0.0098741 seconds
Number of updated asset objects reloaded before import = 0Number of asset objects unloaded after import = 1

========================================================================
Received Import Request.
  Time since last request: 2.400795 seconds.
  path: Assets/Class 08th(Physics System)/New Material.mat
  artifactKey: Guid(8fdf94cb63956be4a91b544c857ad5b2) Importer(815301076,1909f56bfc062723c751e8b465ee728b)
Start importing Assets/Class 08th(Physics System)/New Material.mat using Guid(8fdf94cb63956be4a91b544c857ad5b2) Importer(815301076,1909f56bfc062723c751e8b465ee728b) (PreviewImporter) -> (artifact id: '26c39d76c8fcf998c0fb539a4607a93b') in 0.4192912 seconds
Number of updated asset objects reloaded before import = 0Number of asset objects unloaded after import = 1

========================================================================
Received Import Request.
  Time since last request: 11.148617 seconds.
  path: Assets/Class 08th(Physics System)/Scenes
  artifactKey: Guid(2bb589dc0f4189940892e44c8d29d9ed) Importer(815301076,1909f56bfc062723c751e8b465ee728b)
Start importing Assets/Class 08th(Physics System)/Scenes using Guid(2bb589dc0f4189940892e44c8d29d9ed) Importer(815301076,1909f56bfc062723c751e8b465ee728b) (PreviewImporter) -> (artifact id: '150768f2e59fd4bbfb08f4db58edff7d') in 0.0005008 seconds
Number of updated asset objects reloaded before import = 0Number of asset objects unloaded after import = 0

========================================================================
Received Import Request.
  Time since last request: 1.601964 seconds.
  path: Assets/Class 08th(Physics System)/Scenes
  artifactKey: Guid(2bb589dc0f4189940892e44c8d29d9ed) Importer(2089858483,b0f066a214c2f5e87bad3c948f4d605d)
Start importing Assets/Class 08th(Physics System)/Scenes using Guid(2bb589dc0f4189940892e44c8d29d9ed) Importer(2089858483,b0f066a214c2f5e87bad3c948f4d605d) (ScriptedImporter) -> (artifact id: '1f7812d9b0554ae3baf4455416d11a72') in 0.0104424 seconds
Number of updated asset objects reloaded before import = 0Number of asset objects unloaded after import = 1

========================================================================
Received Import Request.
  Time since last request: 12.899871 seconds.
  path: Assets/Class 08th(Physics System)/Scenes/Class 08th(Physics System).unity
  artifactKey: Guid(76a26408515a5fa458d4c596a10caaf5) Importer(815301076,1909f56bfc062723c751e8b465ee728b)
Start importing Assets/Class 08th(Physics System)/Scenes/Class 08th(Physics System).unity using Guid(76a26408515a5fa458d4c596a10caaf5) Importer(815301076,1909f56bfc062723c751e8b465ee728b) (PreviewImporter) -> (artifact id: 'ece7d9c61345dd0911b52bf8c36e60b3') in 0.0005387 seconds
Number of updated asset objects reloaded before import = 0Number of asset objects unloaded after import = 0

========================================================================
Received Import Request.
  Time since last request: 0.922238 seconds.
  path: Assets/Class 08th(Physics System)/Scenes/Class 08th(Physics System).unity
  artifactKey: Guid(76a26408515a5fa458d4c596a10caaf5) Importer(2089858483,b0f066a214c2f5e87bad3c948f4d605d)
Start importing Assets/Class 08th(Physics System)/Scenes/Class 08th(Physics System).unity using Guid(76a26408515a5fa458d4c596a10caaf5) Importer(2089858483,b0f066a214c2f5e87bad3c948f4d605d) (ScriptedImporter) -> (artifact id: '9b83c0c3f3ad8f75a4dcb848926e22ab') in 0.0095405 seconds
Number of updated asset objects reloaded before import = 0Number of asset objects unloaded after import = 1

========================================================================
Received Prepare
Begin MonoManager ReloadAssembly
[Licensing::Client] Successfully resolved entitlement details
- Loaded All Assemblies, in  0.826 seconds
Refreshing native plugins compatible for Editor in 2.19 ms, found 4 plugins.
Native extension for WindowsStandalone target not found
[Package Manager] Failed to launch server process. Reason: Unity was launched with the -noUpm command-line argument
[Package Manager] Unable to send message (not connected to server process).
[Package Manager] Cannot connect to Unity Package Manager local server
[Package Manager] Failed to launch server process. Reason: Unity was launched with the -noUpm command-line argument
[Package Manager] Unable to send message (not connected to server process).
[Package Manager] Cannot connect to Unity Package Manager local server
ScheduleIndexationOnStartup MainProcess:False IndexOnStartup:True
Mono: successfully reloaded assembly
- Finished resetting the current domain, in  0.764 seconds
Domain Reload Profiling: 1585ms
	BeginReloadAssembly (229ms)
		ExecutionOrderSort (0ms)
		DisableScriptedObjects (21ms)
		BackupInstance (0ms)
		ReleaseScriptingObjects (0ms)
		CreateAndSetChildDomain (54ms)
	RebuildCommonClasses (32ms)
	RebuildNativeTypeToScriptingClass (11ms)
	initialDomainReloadingComplete (35ms)
	LoadAllAssembliesAndSetupDomain (512ms)
		LoadAssemblies (434ms)
		RebuildTransferFunctionScriptingTraits (0ms)
		AnalyzeDomain (172ms)
			TypeCache.Refresh (8ms)
				TypeCache.ScanAssembly (0ms)
			BuildScriptInfoCaches (151ms)
			ResolveRequiredComponents (8ms)
	FinalizeReload (765ms)
		ReleaseScriptCaches (0ms)
		RebuildScriptCaches (0ms)
		SetupLoadedEditorAssemblies (619ms)
			LogAssemblyErrors (0ms)
			InitializePlatformSupportModulesInManaged (2ms)
			SetLoadedEditorAssemblies (5ms)
			BeforeProcessingInitializeOnLoad (187ms)
			ProcessInitializeOnLoadAttributes (353ms)
			ProcessInitializeOnLoadMethodAttributes (61ms)
			AfterProcessingInitializeOnLoad (10ms)
			EditorAssembliesLoaded (0ms)
		ExecutionOrderSort2 (0ms)
		AwakeInstancesAfterBackupRestoration (14ms)
Refreshing native plugins compatible for Editor in 2.62 ms, found 4 plugins.
Preloading 0 native plugins for Editor in 0.00 ms.
Unloading 16 Unused Serialized files (Serialized files now loaded: 0)
Unloading 6439 unused Assets / (4.0 MB). Loaded Objects now: 7360.
Memory consumption went from 163.6 MB to 159.6 MB.
Total: 7.863400 ms (FindLiveObjects: 0.719400 ms CreateObjectMapping: 0.595000 ms MarkObjects: 4.729300 ms  DeleteObjects: 1.818800 ms)

Prepare: number of updated asset objects reloaded= 0
========================================================================
Received Import Request.
  Time since last request: 599.168779 seconds.
  path: Assets/GolfAssets/Renderer.asset
  artifactKey: Guid(a3c69f300d0aecf438454ed49a32c0b0) Importer(815301076,1909f56bfc062723c751e8b465ee728b)
Start importing Assets/GolfAssets/Renderer.asset using Guid(a3c69f300d0aecf438454ed49a32c0b0) Importer(815301076,1909f56bfc062723c751e8b465ee728b) (PreviewImporter) -> (artifact id: 'd5d584f2f8a2c88a1a51ac6a7b52e2da') in 0.0263853 seconds
Number of updated asset objects reloaded before import = 0Number of asset objects unloaded after import = 2

========================================================================
Received Import Request.
  Time since last request: 0.000020 seconds.
  path: Assets/GolfAssets/UniversalRenderPipelineGlobalSettings.asset
  artifactKey: Guid(b20909cf6eb358e489e8c9a2ddaf1480) Importer(815301076,1909f56bfc062723c751e8b465ee728b)
Start importing Assets/GolfAssets/UniversalRenderPipelineGlobalSettings.asset using Guid(b20909cf6eb358e489e8c9a2ddaf1480) Importer(815301076,1909f56bfc062723c751e8b465ee728b) (PreviewImporter) -> (artifact id: '457b0d3c9935347aae6a1cae4624d847') in 0.0013253 seconds
Number of updated asset objects reloaded before import = 0Number of asset objects unloaded after import = 1

========================================================================
Received Import Request.
  Time since last request: 13.846074 seconds.
  path: Assets/Class 08th(Physics System)/Golf Assets/Materials
  artifactKey: Guid(0ed53a5304b3905408abde20803b45ed) Importer(815301076,1909f56bfc062723c751e8b465ee728b)
Start importing Assets/Class 08th(Physics System)/Golf Assets/Materials using Guid(0ed53a5304b3905408abde20803b45ed) Importer(815301076,1909f56bfc062723c751e8b465ee728b) (PreviewImporter) -> (artifact id: 'add3be69da7088c5bf6dc7ec639c33b4') in 0.0006355 seconds
Number of updated asset objects reloaded before import = 0Number of asset objects unloaded after import = 0

========================================================================
Received Import Request.
  Time since last request: 0.005452 seconds.
  path: Assets/Class 08th(Physics System)/Golf Assets/Materials/Blur.mat
  artifactKey: Guid(ee626e974c3baee4389457aae66805d2) Importer(815301076,1909f56bfc062723c751e8b465ee728b)
Start importing Assets/Class 08th(Physics System)/Golf Assets/Materials/Blur.mat using Guid(ee626e974c3baee4389457aae66805d2) Importer(815301076,1909f56bfc062723c751e8b465ee728b) (PreviewImporter) -> (artifact id: '8a680b95dfd7af31c69ba4f5a67718c8') in 2.3192118 seconds
Number of updated asset objects reloaded before import = 0Number of asset objects unloaded after import = 6

========================================================================
Received Import Request.
  Time since last request: 0.000032 seconds.
  path: Assets/Class 08th(Physics System)/Golf Assets/Materials/InteractProps.mat
  artifactKey: Guid(bc73a14eefc4bc14c925a908af5c93eb) Importer(815301076,1909f56bfc062723c751e8b465ee728b)
Start importing Assets/Class 08th(Physics System)/Golf Assets/Materials/InteractProps.mat using Guid(bc73a14eefc4bc14c925a908af5c93eb) Importer(815301076,1909f56bfc062723c751e8b465ee728b) (PreviewImporter) -> (artifact id: 'bf6128e297e0284676d0337f97facd89') in 2.1880732 seconds
Number of updated asset objects reloaded before import = 0Number of asset objects unloaded after import = 5

========================================================================
Received Import Request.
  Time since last request: 0.000045 seconds.
  path: Assets/Class 08th(Physics System)/Golf Assets/Materials/Coins.mat
  artifactKey: Guid(87961895e957b134b820ac37199b0990) Importer(815301076,1909f56bfc062723c751e8b465ee728b)
Start importing Assets/Class 08th(Physics System)/Golf Assets/Materials/Coins.mat using Guid(87961895e957b134b820ac37199b0990) Importer(815301076,1909f56bfc062723c751e8b465ee728b) (PreviewImporter) -> (artifact id: 'fd459acb79a72bc9052bf9d0b3001524') in 0.0220834 seconds
Number of updated asset objects reloaded before import = 0Number of asset objects unloaded after import = 3

========================================================================
Received Import Request.
  Time since last request: 0.000025 seconds.
  path: Assets/Class 08th(Physics System)/Golf Assets/Materials/TransitionOutline.mat
  artifactKey: Guid(464e79ffec29407499167f1863a3c88d) Importer(815301076,1909f56bfc062723c751e8b465ee728b)
Start importing Assets/Class 08th(Physics System)/Golf Assets/Materials/TransitionOutline.mat using Guid(464e79ffec29407499167f1863a3c88d) Importer(815301076,1909f56bfc062723c751e8b465ee728b) (PreviewImporter) -> (artifact id: '4d0ddaeb9abbe1fd80e9ca309ea77bf8') in 0.5263209 seconds
Number of updated asset objects reloaded before import = 0Number of asset objects unloaded after import = 6

========================================================================
Received Import Request.
  Time since last request: 0.000038 seconds.
  path: Assets/Class 08th(Physics System)/Golf Assets/Materials/Hammer,Flag.mat
  artifactKey: Guid(01ce0542e74e80b47af4110ea16d1e73) Importer(815301076,1909f56bfc062723c751e8b465ee728b)
Start importing Assets/Class 08th(Physics System)/Golf Assets/Materials/Hammer,Flag.mat using Guid(01ce0542e74e80b47af4110ea16d1e73) Importer(815301076,1909f56bfc062723c751e8b465ee728b) (PreviewImporter) -> (artifact id: '5ff7a5032ed0bf526a5ec6ac1af2385e') in 0.0173917 seconds
Number of updated asset objects reloaded before import = 0Number of asset objects unloaded after import = 3

========================================================================
Received Import Request.
  Time since last request: 1.676582 seconds.
  path: Assets/Class 08th(Physics System)/Golf Assets/Prefabs/Flag.prefab
  artifactKey: Guid(80bc920729f878f43b98497f9905649f) Importer(815301076,1909f56bfc062723c751e8b465ee728b)
Start importing Assets/Class 08th(Physics System)/Golf Assets/Prefabs/Flag.prefab using Guid(80bc920729f878f43b98497f9905649f) Importer(815301076,1909f56bfc062723c751e8b465ee728b) (PreviewImporter) -> (artifact id: 'cee642c50c7bd5139d0dc2c7f3d5b872') in 0.0460319 seconds
Number of updated asset objects reloaded before import = 0Number of asset objects unloaded after import = 54

========================================================================
Received Import Request.
  Time since last request: 1.684276 seconds.
  path: Assets/Class 08th(Physics System)/Golf Assets/Settings/High_PipelineAsset_ForwardRenderer.asset
  artifactKey: Guid(d194ec32852058649ad004c40d345c42) Importer(815301076,1909f56bfc062723c751e8b465ee728b)
Start importing Assets/Class 08th(Physics System)/Golf Assets/Settings/High_PipelineAsset_ForwardRenderer.asset using Guid(d194ec32852058649ad004c40d345c42) Importer(815301076,1909f56bfc062723c751e8b465ee728b) (PreviewImporter) -> (artifact id: '3fd20b2575095625684ecb71d8a163de') in 0.0020114 seconds
Number of updated asset objects reloaded before import = 0Number of asset objects unloaded after import = 1

========================================================================
Received Import Request.
  Time since last request: 0.000034 seconds.
  path: Assets/Class 08th(Physics System)/Golf Assets/Settings/Very Low_PipelineAsset.asset
  artifactKey: Guid(3b8ab573f4230de4b9eeb5fec77e169c) Importer(815301076,1909f56bfc062723c751e8b465ee728b)
Start importing Assets/Class 08th(Physics System)/Golf Assets/Settings/Very Low_PipelineAsset.asset using Guid(3b8ab573f4230de4b9eeb5fec77e169c) Importer(815301076,1909f56bfc062723c751e8b465ee728b) (PreviewImporter) -> (artifact id: '7633f1f6ffce8ba3d7392cb147c5038c') in 0.0023134 seconds
Number of updated asset objects reloaded before import = 0Number of asset objects unloaded after import = 2

========================================================================
Received Import Request.
  Time since last request: 11.320214 seconds.
  path: Assets/Class 08th(Physics System)/Golf Assets/Prefabs/Bg/Clouds/CloudSpawner.prefab
  artifactKey: Guid(fd596848093dce34ba92f0eff95360d3) Importer(815301076,1909f56bfc062723c751e8b465ee728b)
Start importing Assets/Class 08th(Physics System)/Golf Assets/Prefabs/Bg/Clouds/CloudSpawner.prefab using Guid(fd596848093dce34ba92f0eff95360d3) Importer(815301076,1909f56bfc062723c751e8b465ee728b) (PreviewImporter) -> (artifact id: '2d0a69ef8edc9ae85372c55d64aad97d') in 0.0021189 seconds
Number of updated asset objects reloaded before import = 0Number of asset objects unloaded after import = 6

========================================================================
Received Import Request.
  Time since last request: 0.752393 seconds.
  path: Assets/Class 08th(Physics System)/Golf Assets/Prefabs/Bumpers/Cross.prefab
  artifactKey: Guid(732d3378ecf71f042b9d98bc913dc68b) Importer(815301076,1909f56bfc062723c751e8b465ee728b)
Start importing Assets/Class 08th(Physics System)/Golf Assets/Prefabs/Bumpers/Cross.prefab using Guid(732d3378ecf71f042b9d98bc913dc68b) Importer(815301076,1909f56bfc062723c751e8b465ee728b) (PreviewImporter) -> (artifact id: '3613d6b9aba5d03c0755d6ea7c555397') in 0.0162389 seconds
Number of updated asset objects reloaded before import = 0Number of asset objects unloaded after import = 19

========================================================================
Received Import Request.
  Time since last request: 0.430565 seconds.
  path: Assets/Class 08th(Physics System)/Golf Assets/Prefabs/Characters/FrogPortalExit.prefab
  artifactKey: Guid(dbddbe7c5a2a45c479de1bfff3331760) Importer(815301076,1909f56bfc062723c751e8b465ee728b)
Start importing Assets/Class 08th(Physics System)/Golf Assets/Prefabs/Characters/FrogPortalExit.prefab using Guid(dbddbe7c5a2a45c479de1bfff3331760) Importer(815301076,1909f56bfc062723c751e8b465ee728b) (PreviewImporter) -> (artifact id: 'f7c5b5e5221b3179b0160d8b8552a6c8') in 1.7033815 seconds
Number of updated asset objects reloaded before import = 0Number of asset objects unloaded after import = 19

========================================================================
Received Import Request.
  Time since last request: 0.000036 seconds.
  path: Assets/Class 08th(Physics System)/Golf Assets/Prefabs/Level/Corner.prefab
  artifactKey: Guid(19823bec1d1f4774991c51230a3d2630) Importer(815301076,1909f56bfc062723c751e8b465ee728b)
Start importing Assets/Class 08th(Physics System)/Golf Assets/Prefabs/Level/Corner.prefab using Guid(19823bec1d1f4774991c51230a3d2630) Importer(815301076,1909f56bfc062723c751e8b465ee728b) (PreviewImporter) -> (artifact id: '90a8edafd2065dc98f90d06dece4a4ce') in 0.0275849 seconds
Number of updated asset objects reloaded before import = 0Number of asset objects unloaded after import = 22

========================================================================
Received Import Request.
  Time since last request: 0.000044 seconds.
  path: Assets/Class 08th(Physics System)/Golf Assets/Prefabs/Level/SidesHazard.prefab
  artifactKey: Guid(c515f3e5539b8884ea7f2e1a4d94a27c) Importer(815301076,1909f56bfc062723c751e8b465ee728b)
Start importing Assets/Class 08th(Physics System)/Golf Assets/Prefabs/Level/SidesHazard.prefab using Guid(c515f3e5539b8884ea7f2e1a4d94a27c) Importer(815301076,1909f56bfc062723c751e8b465ee728b) (PreviewImporter) -> (artifact id: 'a6527a17c807213b228ddaf4471a4709') in 0.027238 seconds
Number of updated asset objects reloaded before import = 0Number of asset objects unloaded after import = 22

========================================================================
Received Import Request.
  Time since last request: 0.000025 seconds.
  path: Assets/Class 08th(Physics System)/Golf Assets/Prefabs/Level/Cornerhole.prefab
  artifactKey: Guid(2416362289f898b4c893c64eb9b92d60) Importer(815301076,1909f56bfc062723c751e8b465ee728b)
Start importing Assets/Class 08th(Physics System)/Golf Assets/Prefabs/Level/Cornerhole.prefab using Guid(2416362289f898b4c893c64eb9b92d60) Importer(815301076,1909f56bfc062723c751e8b465ee728b) (PreviewImporter) -> (artifact id: '4185f61ab1c8583c85f7b70a4eddf3b7') in 0.0209459 seconds
Number of updated asset objects reloaded before import = 0Number of asset objects unloaded after import = 22

========================================================================
Received Import Request.
  Time since last request: 0.000028 seconds.
  path: Assets/Class 08th(Physics System)/Golf Assets/Prefabs/Level/Sideshole.prefab
  artifactKey: Guid(bda3565a89cd92246bf155134b407f2b) Importer(815301076,1909f56bfc062723c751e8b465ee728b)
Start importing Assets/Class 08th(Physics System)/Golf Assets/Prefabs/Level/Sideshole.prefab using Guid(bda3565a89cd92246bf155134b407f2b) Importer(815301076,1909f56bfc062723c751e8b465ee728b) (PreviewImporter) -> (artifact id: 'e5ff3a31f87d6499d760294e02ba1c43') in 0.0184843 seconds
Number of updated asset objects reloaded before import = 0Number of asset objects unloaded after import = 22

========================================================================
Received Import Request.
  Time since last request: 0.000031 seconds.
  path: Assets/Class 08th(Physics System)/Golf Assets/Prefabs/Level/FullSquareHole.prefab
  artifactKey: Guid(2ee6522565e79054186d969618184731) Importer(815301076,1909f56bfc062723c751e8b465ee728b)
Start importing Assets/Class 08th(Physics System)/Golf Assets/Prefabs/Level/FullSquareHole.prefab using Guid(2ee6522565e79054186d969618184731) Importer(815301076,1909f56bfc062723c751e8b465ee728b) (PreviewImporter) -> (artifact id: '5c124a1d0036190dd4390c3d98160c4b') in 0.0183095 seconds
Number of updated asset objects reloaded before import = 0Number of asset objects unloaded after import = 22

========================================================================
Received Import Request.
  Time since last request: 0.000039 seconds.
  path: Assets/Class 08th(Physics System)/Golf Assets/Prefabs/Level/RampFull.prefab
  artifactKey: Guid(ab45800b9b57d094dbdd692b4b499369) Importer(815301076,1909f56bfc062723c751e8b465ee728b)
Start importing Assets/Class 08th(Physics System)/Golf Assets/Prefabs/Level/RampFull.prefab using Guid(ab45800b9b57d094dbdd692b4b499369) Importer(815301076,1909f56bfc062723c751e8b465ee728b) (PreviewImporter) -> (artifact id: '49f299e971ae1e40eb04e67776fea6fa') in 0.0228576 seconds
Number of updated asset objects reloaded before import = 0Number of asset objects unloaded after import = 22

========================================================================
Received Import Request.
  Time since last request: 0.000023 seconds.
  path: Assets/Class 08th(Physics System)/Golf Assets/Prefabs/Level/UpHill.prefab
  artifactKey: Guid(e8999d269ed7b3e47b048c17f4115ea5) Importer(815301076,1909f56bfc062723c751e8b465ee728b)
Start importing Assets/Class 08th(Physics System)/Golf Assets/Prefabs/Level/UpHill.prefab using Guid(e8999d269ed7b3e47b048c17f4115ea5) Importer(815301076,1909f56bfc062723c751e8b465ee728b) (PreviewImporter) -> (artifact id: '60430218da5b0ba3772949e0f5bddfa3') in 0.0238404 seconds
Number of updated asset objects reloaded before import = 0Number of asset objects unloaded after import = 22

========================================================================
Received Import Request.
  Time since last request: 0.000041 seconds.
  path: Assets/Class 08th(Physics System)/Golf Assets/Prefabs/Level/180hole.prefab
  artifactKey: Guid(09f5b179f5cc1c34db8eb9ee2e815eab) Importer(815301076,1909f56bfc062723c751e8b465ee728b)
Start importing Assets/Class 08th(Physics System)/Golf Assets/Prefabs/Level/180hole.prefab using Guid(09f5b179f5cc1c34db8eb9ee2e815eab) Importer(815301076,1909f56bfc062723c751e8b465ee728b) (PreviewImporter) -> (artifact id: 'dd7c73dac104f5be3ce94d3c9bac95b0') in 0.0238078 seconds
Number of updated asset objects reloaded before import = 0Number of asset objects unloaded after import = 22

========================================================================
Received Import Request.
  Time since last request: 0.000061 seconds.
  path: Assets/Class 08th(Physics System)/Golf Assets/Prefabs/Level/Norails.prefab
  artifactKey: Guid(0e5b43409606cc54c994716deef95891) Importer(815301076,1909f56bfc062723c751e8b465ee728b)
Start importing Assets/Class 08th(Physics System)/Golf Assets/Prefabs/Level/Norails.prefab using Guid(0e5b43409606cc54c994716deef95891) Importer(815301076,1909f56bfc062723c751e8b465ee728b) (PreviewImporter) -> (artifact id: '1920e023eb3465a4627d3f77112c8d0b') in 0.0242796 seconds
Number of updated asset objects reloaded before import = 0Number of asset objects unloaded after import = 22

========================================================================
Received Import Request.
  Time since last request: 0.000042 seconds.
  path: Assets/Class 08th(Physics System)/Golf Assets/Prefabs/Level/90.prefab
  artifactKey: Guid(6444a16b561214f4b8f98c4bed00d617) Importer(815301076,1909f56bfc062723c751e8b465ee728b)
Start importing Assets/Class 08th(Physics System)/Golf Assets/Prefabs/Level/90.prefab using Guid(6444a16b561214f4b8f98c4bed00d617) Importer(815301076,1909f56bfc062723c751e8b465ee728b) (PreviewImporter) -> (artifact id: 'bcb08d68951abc44d04495ad45b29ae1') in 0.0260363 seconds
Number of updated asset objects reloaded before import = 0Number of asset objects unloaded after import = 22

========================================================================
Received Import Request.
  Time since last request: 0.000033 seconds.
  path: Assets/Class 08th(Physics System)/Golf Assets/Prefabs/InteractProps/Sticky.prefab
  artifactKey: Guid(c2cba89f0396e894d82cc38ae384b193) Importer(815301076,1909f56bfc062723c751e8b465ee728b)
Start importing Assets/Class 08th(Physics System)/Golf Assets/Prefabs/InteractProps/Sticky.prefab using Guid(c2cba89f0396e894d82cc38ae384b193) Importer(815301076,1909f56bfc062723c751e8b465ee728b) (PreviewImporter) -> (artifact id: 'ff54fa5f9ca074a40a0aae796549e992') in 0.0274387 seconds
Number of updated asset objects reloaded before import = 0Number of asset objects unloaded after import = 19

========================================================================
Received Import Request.
  Time since last request: 0.000039 seconds.
  path: Assets/Class 08th(Physics System)/Golf Assets/Prefabs/Level/End.prefab
  artifactKey: Guid(04b8659cad704624588994bd97ac4637) Importer(815301076,1909f56bfc062723c751e8b465ee728b)
Start importing Assets/Class 08th(Physics System)/Golf Assets/Prefabs/Level/End.prefab using Guid(04b8659cad704624588994bd97ac4637) Importer(815301076,1909f56bfc062723c751e8b465ee728b) (PreviewImporter) -> (artifact id: '596dea086b3398f34ee99133dd2a2674') in 0.0213667 seconds
Number of updated asset objects reloaded before import = 0Number of asset objects unloaded after import = 22

========================================================================
Received Import Request.
  Time since last request: 0.000039 seconds.
  path: Assets/Class 08th(Physics System)/Golf Assets/Prefabs/Level/Turnhole.prefab
  artifactKey: Guid(07c0ea4c363724b4c9be66e35eb2e9f5) Importer(815301076,1909f56bfc062723c751e8b465ee728b)
Start importing Assets/Class 08th(Physics System)/Golf Assets/Prefabs/Level/Turnhole.prefab using Guid(07c0ea4c363724b4c9be66e35eb2e9f5) Importer(815301076,1909f56bfc062723c751e8b465ee728b) (PreviewImporter) -> (artifact id: '9d8a33d2fcbb68af14b85c2d5720743b') in 0.0225445 seconds
Number of updated asset objects reloaded before import = 0Number of asset objects unloaded after import = 22

========================================================================
Received Import Request.
  Time since last request: 0.000043 seconds.
  path: Assets/Class 08th(Physics System)/Golf Assets/Prefabs/InteractProps/Hammer.prefab
  artifactKey: Guid(5722c38e7ccb33e429cef840096c8e4f) Importer(815301076,1909f56bfc062723c751e8b465ee728b)
Start importing Assets/Class 08th(Physics System)/Golf Assets/Prefabs/InteractProps/Hammer.prefab using Guid(5722c38e7ccb33e429cef840096c8e4f) Importer(815301076,1909f56bfc062723c751e8b465ee728b) (PreviewImporter) -> (artifact id: '3033aafaf3b3f7a5cf8925735cb19bec') in 0.02302 seconds
Number of updated asset objects reloaded before import = 0Number of asset objects unloaded after import = 24

========================================================================
Received Import Request.
  Time since last request: 0.000033 seconds.
  path: Assets/Class 08th(Physics System)/Golf Assets/Prefabs/InteractProps/WindMillFullColorFull.prefab
  artifactKey: Guid(2ab0f99324683f945be41d406774f595) Importer(815301076,1909f56bfc062723c751e8b465ee728b)
Start importing Assets/Class 08th(Physics System)/Golf Assets/Prefabs/InteractProps/WindMillFullColorFull.prefab using Guid(2ab0f99324683f945be41d406774f595) Importer(815301076,1909f56bfc062723c751e8b465ee728b) (PreviewImporter) -> (artifact id: '983f934351e81fc80ebb48d3241d9d59') in 0.0219629 seconds
Number of updated asset objects reloaded before import = 0Number of asset objects unloaded after import = 59

========================================================================
Received Import Request.
  Time since last request: 0.000048 seconds.
  path: Assets/Class 08th(Physics System)/Golf Assets/Prefabs/Level/90hole.prefab
  artifactKey: Guid(a1cda437413b1434ba7f0f45169c0a2d) Importer(815301076,1909f56bfc062723c751e8b465ee728b)
Start importing Assets/Class 08th(Physics System)/Golf Assets/Prefabs/Level/90hole.prefab using Guid(a1cda437413b1434ba7f0f45169c0a2d) Importer(815301076,1909f56bfc062723c751e8b465ee728b) (PreviewImporter) -> (artifact id: '14196d3b026a13ab422c3e25a69a250d') in 0.0258369 seconds
Number of updated asset objects reloaded before import = 0Number of asset objects unloaded after import = 22

========================================================================
Received Import Request.
  Time since last request: 0.000040 seconds.
  path: Assets/Class 08th(Physics System)/Golf Assets/Prefabs/Level/180.prefab
  artifactKey: Guid(ff9a952a3dff05042977c0b29fb7ad2a) Importer(815301076,1909f56bfc062723c751e8b465ee728b)
Start importing Assets/Class 08th(Physics System)/Golf Assets/Prefabs/Level/180.prefab using Guid(ff9a952a3dff05042977c0b29fb7ad2a) Importer(815301076,1909f56bfc062723c751e8b465ee728b) (PreviewImporter) -> (artifact id: '1638b86355f610e92c28dd4c47835080') in 0.0239709 seconds
Number of updated asset objects reloaded before import = 0Number of asset objects unloaded after import = 22

========================================================================
Received Import Request.
  Time since last request: 0.551397 seconds.
  path: Assets/Class 08th(Physics System)/Golf Assets/Prefabs/Pipes/PipeAnimation.prefab
  artifactKey: Guid(fc0ff4040bc4333418fb51ffd12f6f46) Importer(815301076,1909f56bfc062723c751e8b465ee728b)
Start importing Assets/Class 08th(Physics System)/Golf Assets/Prefabs/Pipes/PipeAnimation.prefab using Guid(fc0ff4040bc4333418fb51ffd12f6f46) Importer(815301076,1909f56bfc062723c751e8b465ee728b) (PreviewImporter) -> (artifact id: 'f401cead2f058362aa57da7b80eb2963') in 0.0211665 seconds
Number of updated asset objects reloaded before import = 0Number of asset objects unloaded after import = 34

========================================================================
Received Import Request.
  Time since last request: 14.127166 seconds.
  path: Assets/Class 08th(Physics System)/Golf Assets/Prefabs/Pipes/PipeStraight.prefab
  artifactKey: Guid(47e09b6e6781c3f47b6ac77fd181518a) Importer(815301076,1909f56bfc062723c751e8b465ee728b)
Start importing Assets/Class 08th(Physics System)/Golf Assets/Prefabs/Pipes/PipeStraight.prefab using Guid(47e09b6e6781c3f47b6ac77fd181518a) Importer(815301076,1909f56bfc062723c751e8b465ee728b) (PreviewImporter) -> (artifact id: '12ab382f435bc53c87298bebe2f56725') in 0.0108394 seconds
Number of updated asset objects reloaded before import = 0Number of asset objects unloaded after import = 15

Editor requested this worker to shutdown with reason: Scaling down because of idle timeout
AssetImportWorker is now disconnected from the server
Process exiting
Exiting without the bug reporter. Application will terminate with return code 0